Unit,Primary_Emotion,Polarity,Mood,Personality
驚嚇,3,N,,
TMD,4,N,,
PUMA,4,N,,
LP,4,N,,
GY,4,N,,
GGYY,4,N,,
e04,4,N,,
ㄏㄏ,1,P,,
鬱鬱寡歡,2,N,,
鬱鬱不樂,2,N,,
鬱結,2,N,,
鬱悶,2,N,,
鬱悒,2,N,,
鬱卒,2,N,,
鬱,2,N,,
驢,4,N,,
讚譽,1,P,,
讚賞,1,P,,
讚歎,1,P,,
讚嘆,1,P,,
讚揚,1,P,,
讚美,1,P,,
讚佩,1,P,,
讚不絕口,1,P,,
讚,1,P,,
矚望,,P,,
齷齪,,N,,
靈感,,P,,
靈敏,,P,,
靈活,,P,,
靈巧,,P,,
艷羨,4,P,,
體諒,,P,,
體會,,P,,
體貼,,P,,
體惜,,P,,
體面,,P,,
體恤,,P,,
驚懼,3,N,,
驚擾,,N,,
驚駭,3,N,,
驚險,3,N,,
驚歎,5,N,,
驚魂未定,3,N,,
驚疑,5,N,,
驚嘆,5,P,,
驚詫,5,N,,
驚羨,5,P,,
驚慌失措,3,N,,
驚慌,3,N,,
驚愕,5,0,,
驚惶失措,3,N,,
驚惶,3,N,,
驚喜萬分,5,P,,
驚喜交集,5,P,,
驚喜,5,P,,
驚訝,5,0,,
驚異,5,0,,
驚悚,3,N,,
驚恐萬狀,3,N,,
驚恐,3,N,,
驚怕,3,N,,
驚奇,5,P,,
驚呆,5,0,,
驚心掉膽,3,N,,
驚心動魄,5,N,,
驚心,5,0,,
驚弓之鳥,5,N,,
驚人,5,0,,
驚,5,0,,
變質,,N,,
變動,,0,,
變味,,N,,
變色,,N,,
攪亂,,N,,
戀戀不捨,1,P,,
戀愛,1,P,,
戀情,1,P,,
戀家,1,P,,
戀春,1,P,,
戀人,1,P,,
戀,1,P,,
髒,,N,,
驕傲,1,P,,
顫抖,3,N,,
竊笑,1,P,,
灑淚,2,N,,
歡歡喜喜,1,P,,
歡躍,1,P,,
歡騰,1,P,,
歡顏,1,P,,
歡聲,1,P,,
歡樂,1,P,,
歡聚,1,P,,
歡暢,1,P,,
歡愉,1,P,,
歡喜,1,P,,
歡送,1,P,,
歡笑,1,P,,
歡悅,1,P,,
歡娛,1,P,,
歡眉喜眼,1,P,,
歡迎,1,P,,
歡欣鼓舞,1,P,,
歡欣,1,P,,
歡呼雀躍,1,P,,
歡呼,1,P,,
歡快,1,P,,
歡心,1,P,,
歡天喜地,1,P,,
歡,1,P,,
黯然銷魂,2,N,,
黯然神傷,2,N,,
黯然,2,N,,
顧慮重重,3,N,,
顧慮,3,N,,
顧盼自雄,,P,,
顧念,,0,,
躊躇滿志,,P,,
躊躇,,N,,
護,,P,,
譴責,4,N,,
蠢,,N,,
纏綿悱惻,,P,,
纏綿,,P,,
纏訟,,N,,
纏身,,N,,
纍纍,,P,,
爛貨,4,N,,
爛,4,N,,
懾,3,N,,
懼怕,3,N,,
懼,3,N,,
騷擾,4,N,,
騷貨,4,N,,
騷動,,N,,
騷,,N,,
饒恕,,P,,
飄飄然,1,P,,
飄飄欲仙,1,P,,
釋然,,P,,
躁鬱,,N,,
躁急,1,N,,
贏錢,1,P,,
贏得,1,P,,
贏取,1,P,,
贏,1,P,,
警覺,3,N,,
警醒,3,N,,
警惕,3,N,,
觸景傷情,2,N,,
觸景生情,2,N,,
觸動,1,P,,
觸怒,4,N,,
觸目驚心,3,N,,
觸,,,,
覺著,,0,,
覺得,,0,,
覺,,,,
耀眼,1,P,,
競爭,,0,,
犧牲,,N,,
懺悔,2,N,,
懸念,3,N,,
懸心吊膽,3,N,,
寶貴,1,P,,
寶貝,1,P,,
嚴厲,4,N,,
嚴酷,4,N,,
嚴格,4,N,,
嚴峻,4,N,,
嚴重,,N,,
騙,,N,,
顛狂,3,N,,
願意,1,P,,
願,1,P,,
霧裡看花,5,N,,
難聽,,N,,
難題,,N,,
難熬,2,N,,
難聞,,N,,
難過,2,N,,
難堪,2,N,,
難割難捨,,N,,
難捨難離,,N,,
難看,,N,,
難為情,2,N,,
難受,2,N,,
難吃,,N,,
難以置信,,N,,
難以名狀,,0,,
關懷,1,P,,
關心,1,P,,
辭職,,N,,
贊同,1,P,,
譏,4,N,,
穩健,,P,,
穩如泰山,,P,,
禱,,P,,
礙難,,N,,
癡漢,4,N,,
癡迷,1,N,,
癡心妄想,1,N,,
癡心,1,P,,
癡,,,,
爆發,4,N,,
懷戀,,N,,
懷疑,4,N,,
懷想,2,N,,
懷鄉,2,N,,
懷春,2,N,,
懷恨,4,N,,
懷念,2,N,,
懶蟲,4,N,,
懶散,4,N,,
懶惰,4,N,,
懶趴,4,N,,
懶洋洋,4,N,,
懶叫,4,N,,
懶,4,N,,
懲罰,4,N,,
寵壞,,N,,
寵愛,1,P,,
寵辱不驚,,0,,
寵幸,1,P,,
寵,,0,,
壞運,4,N,,
壞話,4,N,,
壞蛋,4,N,,
壞處,4,N,,
壞事,4,N,,
壞死,4,N,,
壞心,4,N,,
壞人,4,N,,
鬆懈,1,0,,
鬆快,1,P,,
騎虎難下,,N,,
額手稱慶,,P,,
鞭長莫及,,N,,
離婚,,N,,
雞掰,4,N,,
雞巴,4,N,,
雜亂,,N,,
鎮壓,,N,,
鎮靜,1,P,,
鎮定自若,1,P,,
鎮定,1,P,,
轉悲為喜,,P,,
蹩腳,,N,,
蹧蹋,,N,,
豐富,1,P,,
謹慎,,0,,
藐視,4,N,,
藐,,N,,
翻然悔悟,2,N,,
翹首以待,,P,,
翹企,"1,3",P,,
簡潔,,P,,
歸咎,,N,,
歸依,,P,,
歸心似箭,,P,,
斷線風箏,,N,,
斷腸,2,N,,
懣,2,N,,
嚮往,1,P,,
鮮美,1,P,,
鮮明,1,P,,
騁懷,1,P,,
鍾愛,1,P,,
鍾情,1,P,,
醜,2,N,,
賽,4,N,,
豁朗,1,P,,
謝謝,1,P,,
謝意,1,P,,
謝天謝地,1,P,,
講究,,P,,
講求,,0,,
覬覦,4,N,,
褻瀆,4,N,,
虧損,4,N,,
虧心,2,N,,
薄,,0,,
艱難,,N,,
艱澀,,N,,
艱險,,N,,
艱鉅,,N,,
艱深,,N,,
艱苦,2,N,,
艱辛,2,N,,
艱困,2,N,,
臨淵羨魚,,N,,
臊,2,N,,
臉紅脖子粗,4,N,,
臉紅,2,N,,
臉皮薄,2,0,,
臉皮厚,4,N,,
膽顫心驚,3,N,,
膽戰心驚,3,N,,
膽量,,0,,
膽寒,3,N,,
膽破心驚,3,N,,
膽怯,3,N,,
膽小,3,N,,
聳人聽聞,3,N,,
聲嘶力竭,,N,,
聲淚俱下,2,N,,
聲名狼藉,4,N,,
聰明,,P,,
繃臉,4,N,,
繃緊,4,N,,
繁瑣,,N,,
縮頭縮腦,3,N,,
糟蹋,4,N,,
糟糕,4,N,,
糟心,4,N,,
糟,4,N,,
瞪眼,4,N,,
瞧得起,1,P,,
瞧不起,4,N,,
獲獎,1,P,,
獲勝,1,P,,
燦爛,1,P,,
濫情,1,0,,
濫用,,N,,
擊敗,2,N,,
擊,,,,
戲弄,,N,,
懨懨,2,N,,
懦,2,N,,
應付,,0,,
幫助,1,P,,
幫忙,1,P,,
幫手,1,P,,
尷尬,2,N,,
壓迫,2,N,,
壓制,2,N,,
壓抑,2,N,,
壓力,2,N,,
嚇壞,3,N,,
嚇,3,N,,
優點,1,P,,
優勢,1,P,,
優雅,1,P,,
優惠,1,P,,
優勝,1,P,,
優美,1,P,,
優柔寡斷,,N,,
優哉游哉,1,P,,
優良,1,P,,
優秀,1,P,,
優,1,P,,
償,,,,
默默無言,2,N,,
默默不語,2,N,,
默然,2,N,,
默哀,2,N,,
默不作聲,2,N,,
默,2,N,,
黔驢技窮,,N,,
黔驢之技,4,N,,
駭然,3,N,,
駭異,3,N,,
駭怪,3,N,,
頹靡,2,N,,
頹廢,2,N,,
頹然,2,N,,
頹喪,2,N,,
頹敗,2,N,,
頹唐,2,N,,
頹,2,N,,
頭痛,2,N,,
頭昏,2,N,,
靦腆,2,P,,
靜默,2,N,,
隨意,,P,,
隨便,,N,,
錯誤,,N,,
錯過,,N,,
錯亂,,N,,
錯怪,,N,,
錯,,N,,
遺憾,2,N,,
遺棄,2,N,,
遺臭萬年,4,N,,
遲疑,,N,,
遲鈍,,N,,
遲到,,N,,
輸掉,2,N,,
輸家,2,N,,
輸,2,N,,
蹂躪,4,N,,
踴躍,,P,,
謀殺,4,N,,
諾言,,P,,
諷刺,4,N,,
親愛的,1,P,,
親愛,1,P,,
親痛仇快,,N,,
親密,1,P,,
親和,1,P,,
親吻,1,P,,
親切,1,P,,
親,1,P,,
褫奪,4,N,,
融融,1,P,,
融洽,1,P,,
蕭查某,4,N,,
蕩婦,4,N,,
舉鼎絕臏,,N,,
興奮,1,P,,
興趣,1,P,,
興歎,2,N,,
興高彩烈,1,P,,
興高采烈,1,P,,
興致勃勃,1,P,,
興致,1,P,,
興旺,1,P,,
興沖沖,1,P,,
膩煩,4,N,,
膩味,4,N,,
膩,4,N,,
罹難,2,N,,
篤信,,P,,
篤定,,P,,
積極,1,P,,
瞠目結舌,3,0,,
盧洨,4,N,,
盧小,4,N,,
盧,4,N,,
瘸,2,N,,
獨創,,P,,
獨自,2,0,,
獨木難支,2,N,,
獨木不成林,2,N,,
激勵,1,P,,
激憤,4,N,,
激情,1,P,,
激動不已,1,P,,
激動人心,1,P,,
激動,1,P,,
激怒,4,N,,
橫眉豎眼,4,N,,
橫眉怒目,4,N,,
機靈,3,P,,
機警,3,P,,
機機歪歪,4,N,,
機掰,4,N,,
機敏,,P,,
機歪,4,N,,
整潔,,P,,
整齊,,P,,
擔驚受怕,3,N,,
擔憂,3,N,,
擔保,,P,,
擔心,3,N,,
操雞掰,4,P,,
操勞,,N,,
操神,3,N,,
操你媽,4,N,,
操你娘,4,N,,
操守,,0,,
操心,3,N,,
操,4,N,,
擅長,1,P,,
擁護,,P,,
擁抱,1,P,,
戰戰兢兢,3,N,,
戰亂,,N,,
戰勝,1,P,,
戰鬥,,N,,
戰爭,,N,,
戰火,,N,,
懊惱,2,N,,
懊喪,2,N,,
懊悔,2,N,,
憨笑,1,P,,
憑弔,2,N,,
憊,2,N,,
噱,1,N,,
噬臍莫及,2,N,,
器重,,P,,
器,,,,
噤若寒蟬,3,N,,
冀望,1,P,,
冀,1,P,,
魅力,1,P,,
魄散魂飛,3,N,,
魄力,,P,,
鬧脾氣,4,N,,
鬧情緒,4,N,,
鬧心,4,N,,
餘悸,3,N,,
養育,,P,,
靠腰,4,N,,
靠背,4,N,,
靠杯,4,N,,
靠北,4,N,,
靠夭,4,N,,
靠么,4,N,,
靠,4,N,,
霉運,2,N,,
震驚,5,N,,
震顫,3,N,,
震怒,4,N,,
震,,,,
鋌而走險,3,N,,
銷魂,1,P,,
醉心,1,P,,
遷怒,4,N,,
遭受,4,N,,
適當,,P,,
適意,,P,,
適時,,P,,
適宜,,P,,
適合,,P,,
輝煌,1,P,,
賭爛,4,N,,
賭氣,4,N,,
質疑,4,N,,
賤貨,4,N,,
賤骨頭,4,N,,
賤芭樂,4,N,,
賤拔辣,4,N,,
賤民,4,N,,
賤人,4,N,,
賤,4,N,,
賣俏,,P,,
賞識,1,P,,
賞心悅目,1,P,,
豬腦,4,N,,
豬哥,4,N,,
豬,4,N,,
談笑自若,1,P,,
談虎色變,,N,,
諂媚,,N,,
諂笑,,N,,
調戲,,N,,
調情,1,P,,
調皮,,N,,
衝擊,,0,,
衝動,,N,,
衝突,4,N,,
蔫頭耷腦,2,N,,
蔫不唧,2,N,,
蔫,,,,
蔑視,4,N,,
緬懷,2,N,,
緩和,1,P,,
緘默,2,N,,
緘口結舌,2,N,,
緘口,2,N,,
糊塗,,N,,
窮困,2,N,,
窮,2,N,,
確信,,P,,
確定,,P,,
瞑目,1,P,,
獎勵,1,P,,
獎學金,1,P,,
獎賞,1,P,,
獎牌,1,P,,
獎章,1,P,,
獎品,1,P,,
獎金,1,P,,
獎狀,1,P,,
獎杯,1,P,,
獎助,1,P,,
獎,1,P,,
熱戀,1,P,,
熱鬧,1,P,,
熱愛,1,P,,
熱淚奪眶,,0,,
熱淚盈眶,,0,,
熱望,1,P,,
熱情,1,P,,
熱衷,1,P,,
熱烈,1,P,,
熱切,1,P,,
熱中,1,P,,
熬心,1,P,,
熨帖,1,P,,
潸然淚下,2,N,,
潔淨,,P,,
潑婦,4,N,,
毅然,,P,,
歎觀止矣,1,P,,
歎羨,4,N,,
歎惜,2,N,,
歎惋,2,N,,
歎氣,2,N,,
歎息,2,N,,
歎為觀止,1,P,,
歎,,,,
樂觀,1,P,,
樂融融,1,P,,
樂趣,1,P,,
樂極生悲,2,N,,
樂意,1,P,,
樂園,1,P,,
樂滋滋,1,P,,
樂善,1,P,,
樂陶陶,1,P,,
樂悠悠,1,P,,
樂得,1,P,,
樂於,1,P,,
樂呵呵,1,P,,
樂而忘返,1,P,,
樂而,1,P,,
樂此不疲,1,P,,
樂此,1,P,,
樂在其中,1,P,,
樂天,1,P,,
樂不思蜀,1,P,,
樂不可支,1,P,,
樂不,,P,,
樂子,1,P,,
樂,1,P,,
暴躁,4,N,,
暴跳如雷,4,N,,
暴怒,4,N,,
暴力,4,N,,
暮氣沉沉,2,N,,
敵對,4,N,,
敵愾同仇,4,N,,
敵意,4,N,,
敵視,4,N,,
敵人,4,N,,
撫育,,P,,
撒歡,1,P,,
撒謊,4,N,,
撒嬌,1,P,,
撒氣,4,N,,
摯誠,1,P,,
摯愛,1,P,,
摯情,1,P,,
摯友,1,P,,
憫,1,P,,
憧憬,1,P,,
憤懣,4,N,,
憤激,4,N,,
憤憤,4,N,,
憤然,4,N,,
憤慨,4,N,,
憤悶,4,N,,
憤恨,4,N,,
憤怒,4,N,,
憤世嫉俗,4,N,,
憤,4,N,,
憚,1,P,,
憐憫,1,P,,
憐愛,1,P,,
憐貧惜老,1,P,,
憐惜,1,P,,
憐香惜玉,1,P,,
憐恤,1,P,,
憐,1,P,,
憎惡,4,N,,
憎恨,4,N,,
憎,4,N,,
憋悶,2,N,,
憋氣,2,N,,
憋屈,2,N,,
憋,,N,,
憂鬱,2,N,,
憂懼,"2,3",N,,
憂憤,"2,4",N,,
憂慮,"2,3",N,,
憂煩,2,N,,
憂愁,2,,,
憂傷,2,NN,,
憂惱,"2,3",N,,
憂悶,2,N,,
憂勞,,N,,
憂患,2,N,,
憂思,"2,3",N,,
憂念,2,N,,
憂困,2,N,,
憂心忡忡,"2,3",N,,
憂心如焚,"2,3",N,,
憂心,"2,3",N,,
憂,2,N,,
慶賀,1,P,,
慶祝,1,P,,
慶幸,1,P,,
慶典,1,P,,
慶生,1,P,,
慶功,1,P,,
慶,1,P,,
慰,1,P,,
慮,3,N,,
慕,1,P,,
德行,1,P,,
彈冠相慶,1,P,,
廢物,4,N,,
廢材,4,N,,
寬慰,1,P,,
寬暢,1,P,,
寬恕,1,P,,
寬容,1,P,,
寬大,1,P,,
嬌滴滴,,P,,
嬌慣,,P,,
嬌裡嬌氣,,P,,
嬌羞,,P,,
嬌弱,,P,,
嬌,,P,,
嬉笑,1,P,,
嬉皮笑臉,1,P,,
嫵媚,,P,,
墮落,4,N,,
噴飯,1,P,,
噁心,4,N,,
噁,4,N,,
嘻嘻哈哈,1,P,,
嘻嘻,1,P,,
嘻,1,P,,
嘴砲,4,N,,
嘲諷,4,N,,
嘲罵,4,N,,
嘲笑,4,N,,
嘲弄,4,N,,
嘰嘰歪歪,4,N,,
嘮叨,,N,,
噓,4,N,,
劇烈,,N,,
僵硬,,N,,
僵持,,N,,
僵局,,N,,
僵冷,,N,,
僵住,,N,,
僵化,,N,,
僵,,N,,
鼻酸,,N,,
鳴冤叫屈,2,N,,
鳴不平,,N,,
魂牽夢繫,1,P,,
魂牽夢縈,1,P,,
魂飛魄散,3,N,,
魂不附體,3,N,,
魂不守舍,3,N,,
骯髒,4,N,,
駁斥,4,N,,
銘印,,P,,
酸溜溜,4,N,,
酸楚,2,N,,
酸甜苦辣,,C,,
酸辛,2,N,,
酸,,,,
酷愛,1,P,,
酷刑,4,N,,
鄙薄,4,N,,
鄙棄,4,N,,
鄙視,4,N,,
鄙夷,4,N,,
鄙,4,N,,
遠離,,N,,
遠水解不了近渴,,N,,
輕鬆,1,P,,
輕蔑,4,N,,
輕敵,4,N,,
輕輕鬆鬆,1,P,,
輕視,4,N,,
輕忽,,N,,
輕快,1,P,,
輕,,,,
趕羚羊,4,N,,
赫然而怒,4,N,,
豪華,,P,,
豪爽,,P,,
說謊,,N,,
說長道短,,N,,
說服,,P,,
誤解,,N,,
誤會,,N,,
誤,,N,,
認真,,P,,
認為,,0,,
認可,,P,,
腐爛,4,N,,
腐敗,4,N,,
腐臭,4,N,,
腐朽,4,N,,
聞風喪膽,3,N,,
緊繃,3,N,,
緊緊張張,3,N,,
緊張,3,N,,
精彩,1,P,,
精神不振,2,N,,
精疲力竭,2,N,,
精疲力盡,2,N,,
精美,1,P,,
精心,1,P,,
精力,,P,,
窩囊,4,N,,
窩火,4,N,,
窩心,1,P,,
稱讚,1,P,,
稱願,1,P,,
稱羨,1,P,,
稱意,1,P,,
稱快,1,P,,
稱心如意,1,P,,
稱心,1,P,,
種豬,4,N,,
福氣,1,P,,
禍,4,N,,
盡興,1,P,,
瘋,3,N,,
疑懼,"3,4",N,,
疑難,4,N,,
疑點,4,N,,
疑慮,"3,4",N,,
疑惑,5,N,,
疑神疑鬼,4,N,,
疑神,4,N,,
疑心生暗鬼,4,N,,
疑心,4,N,,
疑,4,N,,
瑣碎,,N,,
瑣事,,N,,
熙和恬靜,1,P,,
漫不經心,2,N,,
漠然置之,2,N,,
漠然,2,N,,
漠視,2,N,,
漠不關心,2,N,,
漂亮,1,P,,
滿意,1,P,,
滿面笑容,1,P,,
滿面春風,1,P,,
滿足,1,P,,
滿不在乎,2,N,,
滿,,,,
歉疚,2,N,,
歉,2,N,,
槁木死灰,2,N,,
榮譽,1,P,,
榮耀,1,P,,
榮幸,1,P,,
暢快,1,P,,
暢,1,P,,
摧毀,,N,,
慷慨,1,P,,
慵懶,2,N,,
慪氣,4,N,,
慪,"4,1",C,,
慣,1,0,,
慢,,0,,
慚愧,2,N,,
慚,2,N,,
慘痛,2,N,,
慘然,2,N,,
慘,2,N,,
慈悲,1,P,,
慈善,1,P,,
慈祥,1,P,,
慈,1,P,,
對質,4,N,,
對眼,1,P,,
對得起,,P,,
對得住,,P,,
對抗,,N,,
對,,0,,
寧靜,1,P,,
寤寐思之,2,N,,
寢食難安,3,N,,
寢食不安,3,N,,
寡廉鮮恥,4,N,,
嫩,4,N,,
嫣然一笑,1,P,,
夢想,1,P,,
夢寐以求,1,P,,
圖,1,P,,
嘉獎,1,P,,
嘆氣,2,N,,
嘆息,2,N,,
嘆,2,N,,
嘀咕,,N,,
厭煩,4,N,,
厭棄,4,N,,
厭惡,4,N,,
厭倦,4,N,,
厭食,4,N,,
厭世,4,N,,
厭,4,N,,
僖,1,P,,
僕僕風塵,,0,,
鼓勵,1,P,,
鼓舞,1,P,,
頑強,,N,,
頑固,,N,,
隔離,2,N,,
違規,4,N,,
違背,4,N,,
違約,4,N,,
違紀,4,N,,
違法,4,N,,
違抗,4,N,,
違犯,4,N,,
違心,4,N,,
道,,0,,
遑,3,N,,
過錯,4,N,,
過慮,3,N,,
過意不去,2,N,,
過失,4,N,,
過分,4,N,,
遊戲,1,P,,
遇難,2,N,,
遇到,,0,,
遂意,1,P,,
遂心如意,1,P,,
遂心,1,P,,
躲避,,N,,
賊,4,N,,
誠實,1,P,,
誠惶誠恐,3,N,,
誠心,1,P,,
誠,1,P,,
誇大,,N,,
詼諧,1,P,,
該死,4,N,,
詭計,4,N,,
詫異,5,N,,
詫,5,N,,
解脫,1,P,,
解氣,4,N,,
解恨,4,N,,
解決,,P,,
號啕大哭,2,N,,
號哭,2,N,,
號,,,,
落實,,P,,
落寞,2,N,,
落淚,2,N,,
落空,2,N,,
落伍,,N,,
腦殘,4,N,,
義憤填膺,4,N,,
義憤,4,N,,
義,,,,
羨慕,1,P,,
羨,1,P,,
罪孽,4,N,,
罪過,4,N,,
罪惡,4,N,,
罪行,4,N,,
罪名,4,N,,
罪犯,4,N,,
罪大惡極,4,N,,
罪人,4,N,,
罪,4,N,,
經歷,,0,,
粲然一笑,1,P,,
萬箭穿心,2,N,,
萬歲,1,P,,
萬般無奈,2,N,,
萬念俱灰,2,N,,
萬不得已,2,N,,
禽獸,4,N,,
禁忌,4,N,,
禁止,4,N,,
睹物傷情,2,N,,
睹物思人,2,N,,
瘁,2,N,,
痴狂,3,N,,
痰喘,2,N,,
當心,3,0,,
當之無愧,1,P,,
當,,,,
煩躁,4,N,,
煩雜,4,N,,
煩擾,4,N,,
煩憂,3,N,,
煩瑣,4,N,,
煩愁,2,N,,
煩亂,4,N,,
煩惱,3,N,,
煩悶,2,N,,
煩勞,,N,,
煩忙,,N,,
煩心,4,N,,
煩人,4,N,,
煩,4,N,,
煞風景,4,N,,
滑稽,1,P,,
溺愛,1,P,,
溫馨,1,P,,
溫暖,1,P,,
溫情,1,P,,
溫柔,1,P,,
溫和,1,P,,
毀壞,4,N,,
毀謗,4,N,,
毀滅,4,N,,
毀損,4,N,,
毀傷,4,N,,
毀棄,4,N,,
毀敗,4,N,,
毀掉,4,N,,
極樂,1,P,,
極端,,0,,
極好,1,P,,
業障,4,N,,
暗喜,1,P,,
暗送秋波,1,P,,
暗笑,1,P,,
暖和,1,P,,
敬意,1,P,,
敬重,1,P,,
敬畏,1,0,,
敬而遠之,,N,,
搖頭擺尾,1,P,,
搖頭晃腦,1,P,,
搔頭弄姿,,P,,
搏鬥,,N,,
損壞,4,N,,
損傷,4,N,,
損害,4,N,,
損失,4,N,,
損人,4,N,,
慍,4,N,,
慌裡慌張,3,N,,
慌慌張張,3,N,,
慌亂,3,N,,
慌張,3,N,,
慌忙,3,N,,
慌手慌腳,3,N,,
慌,3,N,,
愷,1,P,,
愧對,2,N,,
愧赧,2,N,,
愧恨,2,N,,
愧疚,2,N,,
愧怍,2,N,,
愧,2,N,,
感觸,1,P,,
感覺到,,0,,
感覺,,0,,
感懷,1,P,,
感謝,1,P,,
感激,1,P,,
感歎,2,N,,
感傷,2,N,,
感慨萬端,2,N,,
感慨萬分,2,N,,
感慨萬千,2,N,,
感慨不已,2,N,,
感慨,2,N,,
感情,1,P,,
感動,1,P,,
感恩,1,P,,
感念,1,P,,
感到,,0,,
感,,0,,
愛戀,1,P,,
愛護,1,P,,
愛憐,1,P,,
愛慕,1,P,,
愛莫能助,,N,,
愛惜,1,P,,
愛情,1,P,,
愛好,1,P,,
愛心,1,P,,
愛不釋手,1,P,,
愛上,1,P,,
愛人,1,P,,
愛,1,P,,
愚蠢,4,N,,
愚笨,4,N,,
意欲,1,P,,
意在,1,P,,
愁腸百結,2,N,,
愁悶,2,N,,
愁悵,2,N,,
愁苦,2,N,,
愁眉鎖眼,2,N,,
愁眉不展,2,N,,
愁思,2,N,,
愁,2,N,,
惹惱,4,N,,
惹氣,4,N,,
想望,1,P,,
想要,1,P,,
想念,2,N,,
想不開,2,N,,
想,1,P,,
微醺,1,P,,
微笑,1,P,,
徬徨,3,N,,
幹林老木,4,N,,
幹你祖母,4,N,,
幹你娘,4,N,,
幹你老母,4,N,,
幹他娘,4,N,,
幹,4,N,,
嫌憎,4,N,,
嫌隙,4,N,,
嫌疑,4,N,,
嫌棄,4,N,,
嫌惡,4,N,,
嫌怨,4,N,,
嫌,4,N,,
嫉賢妒能,4,N,,
嫉恨,4,N,,
嫉妒,4,N,,
嫉,4,N,,
媽寶,4,N,,
媽的,4,N,,
奧客,4,N,,
塌實,,P,,
嗲聲嗲氣,,0,,
嗤之以鼻,4,N,,
嗟歎,2,N,,
嗜睡,,0,,
嗜書如渴,,P,,
嗜,1,0,,
嗚咽,2,N,,
嗔怪,4,N,,
嗔,4,N,,
勢利,4,N,,
勢成騎虎,,N,,
傾心,1,P,,
傻樂,1,P,,
傻眼,5,0,,
傻笑,1,P,,
傻子,4,N,,
傻,4,N,,
傷感,2,N,,
傷勢,2,N,,
傷痛,2,N,,
傷殘,2,N,,
傷悲,2,N,,
傷逝,2,N,,
傷痕,2,N,,
傷神,2,N,,
傷害,2,N,,
傷心,2,N,,
傷天害理,2,N,,
傷亡,2,N,,
傷人,4,N,,
傷,2,N,,
債務,4,N,,
傳情,1,P,,
傲慢,4,N,,
催人奮進,1,P,,
催人淚下,2,N,,
亂,,N,,
黑下臉,4,N,,
飲泣吞聲,2,N,,
飲泣,2,N,,
順利,1,P,,
順心,1,P,,
雅緻,,P,,
隆重,,P,,
陽光,1,P,,
閒話,,N,,
閒散,,0,,
開懷大笑,1,P,,
開懷,1,P,,
開顏,1,P,,
開朗,1,P,,
開玩笑,,0,,
開明,1,P,,
開心,1,P,,
鈍,2,N,,
酣暢,1,P,,
酣,1,P,,
逸樂,1,P,,
進退維谷,,N,,
進退兩難,,N,,
跛腳,,N,,
跛,,N,,
超雞掰,4,N,,
超雞排,4,N,,
費力,,N,,
貶抑,4,N,,
詛咒,4,N,,
詐騙,4,N,,
訴苦,2,N,,
虛驚,3,0,,
虛榮心,,N,,
虛榮,,N,,
虛弱不堪,2,N,,
虛弱,2,N,,
虛心,,P,,
虛,,0,,
著魔,1,N,,
著慌,3,N,,
著迷,1,P,,
著急,3,N,,
著忙,3,N,,
萎靡不振,2,N,,
菲薄,,N,,
華麗,1,P,,
舒適,1,P,,
舒暢,1,P,,
舒服,1,P,,
舒坦,1,P,,
舒心,1,P,,
脾氣,,P,,
統治,,P,,
絕望,2,N,,
絕倒,1,P,,
絕妙,1,P,,
絕口,,0,,
結巴,,0,,
結仇,4,N,,
答應,,P,,
等閒視之,,N,,
窘迫,2,N,,
窘,2,N,,
硬氣,,P,,
睏倦,2,N,,
盜,,N,,
發蒙,5,N,,
發楞,,0,,
發楚,,0,,
發慌,3,N,,
發愁,2,N,,
發嗲,,0,,
發傻,,N,,
發脾氣,4,N,,
發愣,,0,,
發臭,4,N,,
發笑,1,P,,
發狠,4,N,,
發急,3,N,,
發怒,4,N,,
發狂,3,N,,
發牢騷,4,N,,
發抖,3,N,,
發呆,,0,,
發作,,N,,
發火,4,N,,
發毛,4,N,,
發,,,,
登徒子,4,N,,
痛感,2,N,,
痛痛快快,1,P,,
痛惡,4,N,,
痛惜,2,N,,
痛悼,2,N,,
痛悔,2,N,,
痛哭流涕,2,N,,
痛哭,2,N,,
痛苦,2,N,,
痛恨,4,N,,
痛定思痛,2,N,,
痛快淋漓,1,P,,
痛快,1,P,,
痛心疾首,2,N,,
痛心,2,N,,
痛切,2,N,,
痛不欲生,2,N,,
痛,2,N,,
疏漏,,N,,
疏忽,,N,,
畫餅充飢,,N,,
琢磨不透,,N,,
猶豫,,0,,
猶疑,,0,,
焦躁,3,N,,
焦頭爛額,3,N,,
焦慮,3,N,,
焦急,3,N,,
焦炙,3,N,,
焦灼,3,N,,
焦心,3,N,,
無懼,,P,,
無關緊要,,0,,
無禮,4,N,,
無趣,,N,,
無憂無慮,1,P,,
無精打采,2,N,,
無暇,,N,,
無愧於,,P,,
無愧,,P,,
無意義,,N,,
無辜,,P,,
無聊,,N,,
無視,,N,,
無理,,N,,
無望,2,N,,
無情,4,N,,
無從,,N,,
無常,,N,,
無能為力,,N,,
無能,,N,,
無益,,N,,
無效,,N,,
無恥之尤,4,N,,
無恥,4,N,,
無害,,P,,
無計可施,,N,,
無畏,,P,,
無知,,N,,
無法,,0,,
無所謂,,,,
無所適從,3,N,,
無所措手足,3,N,,
無奈何,,N,,
無奈,,N,,
無味,,N,,
無足輕重,,N,,
無言以對,,N,,
無助,3,N,,
無地自容,,N,,
無用,,N,,
無可奈何,,N,,
無力回天,,N,,
無力,,N,,
渾然不知,,0,,
渴望,1,P,,
渴盼,1,P,,
渴念,1,P,,
渴求,1,P,,
殘暴,4,N,,
殘酷,4,N,,
殘忍,4,N,,
款待,1,P,,
欽羨,1,P,,
欽佩,1,P,,
欺,,N,,
椎心泣血,2,N,,
棘手,,N,,
棒,1,P,,
期望,1,P,,
期盼,1,P,,
期待,1,P,,
期求,1,P,,
期,1,P,,
朝思暮想,1,P,,
智慧,1,P,,
智障,4,N,,
智缺,4,N,,
景仰,1,P,,
斯文掃地,,N,,
散漫,,N,,
敞開,,P,,
敞,,0,,
揮淚,2,N,,
揪心,2,N,,
揪人心肺,2,N,,
揚揚得意,1,P,,
揚揚自得,1,P,,
揚眉吐氣,1,P,,
插嘴,,N,,
提防,,N,,
提心吊膽,,N,,
慨歎,2,N,,
慨然,2,N,,
慨,,0,,
愣神兒,5,0,,
愣神,5,0,,
愣住,5,0,,
愣,5,0,,
愜意,1,P,,
愕然,5,0,,
愉悅,1,P,,
愉快,1,P,,
愉,1,P,,
惶遽,3,N,,
惶惶然,3,N,,
惶惶不可終日,3,N,,
惶惶,3,N,,
惶惑,3,N,,
惶恐不安,3,N,,
惶恐,3,N,,
惶,3,N,,
惴惴不安,3,N,,
惴惴,3,N,,
惱羞成怒,4,N,,
惱恨,4,N,,
惱怒,4,N,,
惱火,4,N,,
惱,4,N,,
惡夢,4,N,,
惡運,4,N,,
惡意,4,N,,
惡鬥,4,N,,
惡臭,4,N,,
惡耗,4,N,,
惡狠狠,4,N,,
惡毒,4,N,,
惡性,4,N,,
惡言,4,N,,
惡劣,4,N,,
惡化,4,N,,
惡人,4,N,,
惡,4,N,,
悶頭兒,2,N,,
悶悶地,2,N,,
悶悶不樂,2,N,,
悶氣,2,N,,
悶倦,2,N,,
悶,2,N,,
悲鬱,2,N,,
悲觀,2,N,,
悲歡,2,N,,
悲歎,2,N,,
悲憫,2,N,,
悲憤填膺,2,N,,
悲憤,2,N,,
悲慼,2,N,,
悲劇,2,N,,
悲慟,2,N,,
悲慘,2,N,,
悲愴,2,N,,
悲愁,2,N,,
悲傷欲絕,2,N,,
悲傷,2,N,,
悲痛欲絕,2,N,,
悲痛,2,N,,
悲喜交集,2,N,,
悲喜,,C,,
悲淒,2,N,,
悲涼,2,N,,
悲情,2,N,,
悲悽,2,N,,
悲悼,2,N,,
悲苦,2,N,,
悲哀,2,N,,
悲泣,2,N,,
悲壯,2,N,,
悲天憫人,2,N,,
悲切,2,N,,
悲,2,N,,
復仇,4,N,,
就緒,,P,,
尋歡作樂,1,P,,
尊嚴,1,P,,
尊榮,1,P,,
尊敬,1,P,,
尊貴,1,P,,
尊重,1,P,,
寒磣,,N,,
寒酸,2,N,,
寒心,2,N,,
富裕,,P,,
富有,,P,,
報復,4,N,,
報仇,4,N,,
堪憂,3,N,,
單獨,2,N,,
喪權辱國,2,N,,
喪禮,2,N,,
喪膽,3,N,,
喪魂落魄,3,N,,
喪盡,2,N,,
喪偶,2,N,,
喪氣,2,N,,
喪志,2,N,,
喪生,2,N,,
喪失,2,N,,
喪心,2,N,,
喟歎,2,N,,
喝采,1,P,,
喜歡,1,P,,
喜慶,1,P,,
喜劇,1,P,,
喜極而泣,1,P,,
喜新厭舊,,0,,
喜愛,1,P,,
喜滋滋,1,P,,
喜從天降,1,P,,
喜笑顏開,1,P,,
喜氣洋洋,1,P,,
喜氣,1,P,,
喜悅,1,P,,
喜宴,1,P,,
喜眉笑眼,1,P,,
喜洋洋,1,P,,
喜怒無常,,C,,
喜怒哀樂,,C,,
喜性,1,P,,
喜沖沖,1,P,,
喜形於色,1,P,,
喜好,1,P,,
喜出望外,1,P,,
喜不自勝,1,P,,
喜上眉稍,1,P,,
喜上眉梢,1,P,,
喜,1,P,,
喘噓噓,,N,,
喘喘氣,,N,,
喘氣,,N,,
喘息,,0,,
喘,,N,,
善意,1,P,,
善良,1,P,,
善心,1,P,,
啼饑號寒,,N,,
啼笑皆非,,C,,
啼哭,2,N,,
啼,,0,,
博學,,P,,
博愛,,P,,
勞累,,N,,
勞乏,,N,,
勝過,1,P,,
勝利,1,P,,
創傷,2,N,,
剩女,4,N,,
凱旋,1,P,,
最佳,1,P,,
最好,1,P,,
備感,,0,,
麻煩,,N,,
麻木,,N,,
雀躍,1,P,,
陶醉,1,P,,
陶然,1,P,,
陳腐,,N,,
陰鬱,2,N,,
陰暗,2,N,,
陰森,2,N,,
陰沉,2,N,,
閉口無言,2,N,,
野蠻,4,N,,
造反,,N,,
速懶叫,4,N,,
逝世,2,N,,
逗趣,1,P,,
逗弄,1,P,,
逍遙自在,1,P,,
軟弱無力,2,N,,
軟弱,2,N,,
赧顏,2,P,,
赧然,2,P,,
責備,4,N,,
責怪,4,N,,
貪戀,,N,,
貪慾,,N,,
貪圖,,N,,
貪婪,,N,,
貪念,,N,,
貪求,,N,,
貪污,,N,,
貪汙,,N,,
貪生,,N,,
貪心,,N,,
貪,,N,,
貧賤,,N,,
貧窮,,N,,
貧病,,N,,
貧苦,,N,,
貧困,,N,,
許諾,,P,,
設防,,0,,
訝異,,0,,
處變不驚,,P,,
處罰,4,N,,
處之泰然,1,P,,
莞爾,1,P,,
莊嚴,,P,,
聊以解嘲,1,P,,
聊以自慰,1,P,,
羞澀,2,P,,
羞憤,"2,4",N,,
羞與為伍,2,N,,
羞慚,2,N,,
羞愧,2,N,,
羞答答,2,P,,
羞羞答答,2,P,,
羞辱,2,N,,
羞恥,2,N,,
羞怯,2,N,,
羞人答答,2,P,,
羞人,2,N,,
羞,2,0,,
細心,,P,,
累死,,N,,
累人,,N,,
累,,N,,
粗魯,4,N,,
粗暴,4,N,,
粗野,4,N,,
粗俗,4,N,,
粗心,,N,,
笨蛋,4,N,,
笨拙,4,N,,
笨手笨腳,4,N,,
笨,,N,,
窒礙,,N,,
窒息,3,N,,
視為畏途,,N,,
硍,4,N,,
眾怒,4,N,,
眼饞,4,N,,
眼熱,4,N,,
眼睜睜,,N,,
眼殘,4,N,,
眼淚,2,N,,
眼紅,4,N,,
眼花繚亂,,0,,
眼花撩亂,,0,,
眼巴巴,,N,,
眷戀,1,N,,
眷念,1,N,,
盛怒,4,N,,
異,,0,,
甜頭,1,P,,
甜蜜,1,P,,
甜絲絲,1,P,,
甜甜,1,P,,
甜密,1,P,,
甜美,1,P,,
甜言,1,P,,
甜心,1,P,,
理想,1,P,,
理智,,P,,
理直氣壯,,P,,
猜疑,4,N,,
猜忌,4,N,,
猛烈,,0,,
牽腸掛肚,2,N,,
牽掛,2,N,,
爽朗,1,P,,
爽約,,P,,
爽快,1,P,,
爽心,1,P,,
爽,1,P,,
清楚,,P,,
清閒自在,1,P,,
清爽,1,P,,
清白,,P,,
淹沒,,N,,
混亂,4,N,,
混蛋,4,N,,
混球,4,N,,
混帳,4,N,,
深懷不滿,4,N,,
深感,,0,,
深愛,1,P,,
深惡痛絕,4,N,,
深情,1,P,,
深思,1,P,,
深孚眾望,,P,,
淫婦,4,N,,
淨土,,P,,
淦,4,N,,
淡漠,4,N,,
淚痕斑斑,2,N,,
淚珠,2,N,,
淚流滿面,2,N,,
淚汪汪,2,N,,
淚如泉湧,2,N,,
淚如雨下,2,N,,
淘氣,,P,,
淒慘,2,N,,
淒楚,2,N,,
淒愴,2,N,,
淒然,2,N,,
淒惻,2,N,,
淒惶,2,N,,
淒淒慘慘,2,N,,
淒風楚雨,2,N,,
淒切,2,N,,
涼,,N,,
涎著臉,,N,,
涎皮賴臉,,N,,
毫無辦法,,N,,
毫不動搖,,0,,
殺風景,,N,,
殺洨,4,N,,
殺死,4,N,,
殺小,4,N,,
殺,4,N,,
欲絕,,N,,
欲笑無聲,,0,,
欲哭無淚,,N,,
欲言又止,,0,,
欲,,0,,
望眼欲穿,1,P,,
望梅止渴,1,P,,
望穿秋水,1,P,,
望洋興歎,2,N,,
望而卻步,3,N,,
望而生畏,3,N,,
望子成龍,1,P,,
望子成才,1,P,,
望,,0,,
敝帚自珍,,0,,
敝帚千金,,0,,
敗壞,4,N,,
敗興,4,N,,
敗犬,4,N,,
救,,0,,
敏銳,,P,,
敏感,,0,,
敏捷,,P,,
措置裕如,1,P,,
掩鼻而過,4,N,,
推崇,,P,,
控制,,0,,
掛懷,2,N,,
掛慮,3,N,,
掛牽,2,N,,
掛記,2,N,,
掛念,2,N,,
掛火,4,N,,
掛心,2,N,,
掛,,0,,
掙扎,,N,,
排斥,4,N,,
掉價,4,N,,
掉以輕心,,N,,
掃興,4,N,,
捶胸頓足,4,N,,
捨不得,2,N,,
捧腹大笑,1,P,,
惦掛,2,N,,
惦記,2,N,,
惦念,2,N,,
惦,2,N,,
惟恐,3,N,,
惜力,,N,,
惜,,0,,
惘然若失,2,N,,
惘然,2,N,,
惋惜,2,N,,
惆悵,2,N,,
情願,1,P,,
情緒,,0,,
情急,1,N,,
情有獨鍾,1,P,,
情人,1,P,,
悽慘,2,N,,
悽楚,2,N,,
悼念,2,N,,
悼,2,N,,
悻悻,2,N,,
悵然若失,2,N,,
悵然,2,N,,
悵惘,2,N,,
悵,2,N,,
患病,2,N,,
悠閒,1,P,,
從從容容,1,P,,
從容不迫,1,P,,
從容,1,P,,
徘徊,,N,,
得體,,P,,
得罪,4,N,,
得意洋洋,1,P,,
得意忘形,,N,,
得意,1,P,,
得勁,1,P,,
強顏歡笑,,N,,
強調,,0,,
強暴犯,4,N,,
強硬,,0,,
強健,,P,,
強烈,,0,,
強迫,,N,,
強姦,4,N,,
強壯,,P,,
強力,,P,,
強,,0,,
張皇失措,3,N,,
張皇,3,N,,
張口結舌,,N,,
庸人自擾,,N,,
常備不懈,,P,,
崇高,1,P,,
崇拜,1,P,,
崇奉,,P,,
將信將疑,,N,,
寂寥,2,N,,
寂寞,2,N,,
婊子,4,N,,
娼妓,4,N,,
堵,,0,,
堅強,,P,,
堅定,,P,,
堅決,,P,,
執拗,,N,,
啥洨,4,N,,
啥小,4,N,,
啞然失笑,,N,,
啞口無言,,N,,
啜泣,2,N,,
問心無愧,,P,,
問心有愧,2,N,,
唾棄,4,N,,
唬爛,4,N,,
務期,,0,,
動聽,1,P,,
動魄驚心,3,0,,
動感情,1,P,,
動情,1,P,,
動氣,4,N,,
動容,1,P,,
動怒,4,N,,
動肝火,4,N,,
動火,4,N,,
動心,1,P,,
動人心魄,,0,,
動人,1,P,,
偽造,4,N,,
偷竊,4,N,,
偷取,4,N,,
偷,4,N,,
側重,,N,,
做賊心虛,,N,,
偏愛,1,P,,
偏執,,N,,
偏重,,0,,
偏見,4,N,,
偏好,1,0,,
偏心,,N,,
偉大,,P,,
假裝,,0,,
假掰,4,N,,
乾瞪眼,4,N,,
乾著急,3,N,,
乾笑,,N,,
乾,,0,,
鬼迷心竅,,N,,
鬼哭神嚎,,N,,
鬼哭狼嚎,,N,,
鬥爭,,N,,
高興,1,P,,
高傲,,P,,
高雅,1,P,,
高階,,P,,
高貴,,P,,
高高興興,1,P,,
馬der,4,N,,
馬的,4,N,,
飢不擇食,,N,,
酒酣耳熱,,P,,
逆向,,0,,
逃離,,N,,
逃避,,N,,
退避三舍,,N,,
退避,,N,,
追悼,2,N,,
追悔莫及,2,N,,
追悔,2,N,,
迷戀,1,P,,
迷離,,0,,
迷路,,N,,
迷亂,,N,,
迷惑不解,5,N,,
迷惑,5,N,,
迷惘,5,N,,
迷信,,N,,
迷住,1,P,,
迷失,,N,,
迷人,1,P,,
迷,,0,,
迴避,,N,,
辱罵,4,N,,
起疑,4,N,,
起笑,3,N,,
起肖,3,N,,
貢獻,,P,,
記掛,2,0,,
記恨,4,N,,
記仇,4,N,,
討厭,4,N,,
討喜,1,P,,
衷心,1,P,,
衰微,2,N,,
衰敗,2,N,,
衰退,2,N,,
衰弱,2,N,,
衰老,2,N,,
衰,2,N,,
虔誠,,P,,
荒謬,,N,,
荒唐,,N,,
草率,,N,,
草泥馬,4,N,,
草枝擺,4,N,,
草木皆兵,,N,,
茫然無措,3,N,,
茫然不解,5,N,,
茫然,5,N,,
茫茫然,5,N,,
臭氣,4,N,,
臭味,4,N,,
臭名遠揚,4,N,,
臭名昭著,4,N,,
臭,4,N,,
脈脈傳情,1,P,,
脆弱,2,N,,
脅迫,4,N,,
脅肩諂笑,,N,,
能幹,1,P,,
耽,1,N,,
缺點,4,N,,
缺憾,2,N,,
缺德,4,N,,
缺陷,4,N,,
缺失,4,N,,
缺乏,,N,,
缺少,,N,,
紛爭,4,N,,
納悶,5,N,,
納罕,,N,,
笑瞇瞇,1,P,,
笑嘻嘻,1,P,,
笑話,1,P,,
笑裡藏刀,,N,,
笑逐顏開,1,P,,
笑笑,1,P,,
笑容滿面,1,P,,
笑容可掬,1,P,,
笑容,1,P,,
笑盈盈,1,P,,
笑哈哈,1,P,,
笑呵呵,1,P,,
笑吟吟,1,P,,
笑死,1,P,,
笑,1,P,,
神魂顛倒,1,P,,
神聖,,P,,
神經質,3,N,,
神經病,4,N,,
神往,1,P,,
祝福,1,P,,
祝賀,1,P,,
破壞,4,N,,
破滅,4,N,,
破媌,4,N,,
破麻,4,N,,
眩,,0,,
真實,,0,,
真誠,1,P,,
真理,,P,,
真相,,P,,
真心,1,P,,
益處,,P,,
疾惡如仇,,N,,
疾首蹙額,4,N,,
疾言厲色,4,N,,
疾,,N,,
疼愛,1,P,,
疼痛,2,N,,
疼,2,N,,
疲憊不堪,2,N,,
疲憊,2,N,,
疲竭,2,N,,
疲態,2,N,,
疲頓,2,N,,
疲勞,2,N,,
疲軟,2,N,,
疲累,2,N,,
疲弱,2,N,,
疲倦,2,N,,
疲於奔命,2,N,,
疲乏,2,N,,
疲,2,N,,
畜牲,4,N,,
畜生,4,N,,
留戀,2,N,,
留連忘返,2,N,,
珠淚盈眶,2,N,,
狼狽,,N,,
狹隘,,N,,
狹路相逢,,N,,
狹小,,N,,
涕零,2,N,,
涕泣,2,N,,
消滅,,N,,
消極,2,N,,
消氣,,N,,
消沉,2,N,,
浮躁,4,N,,
浮動,,N,,
浪漫,1,P,,
浩歎,2,N,,
泰然處之,1,P,,
泰然自若,1,P,,
氣餒,2,N,,
氣憤,4,N,,
氣鼓鼓,4,N,,
氣短,,N,,
氣惱,4,N,,
氣悶,4,N,,
氣喘吁吁,,N,,
氣喘,,N,,
氣盛,,0,,
氣哼哼,4,N,,
氣急敗壞,4,N,,
氣急,4,N,,
氣咻咻,4,N,,
氣呼呼,4,N,,
氣沖沖,4,N,,
氣沖牛斗,4,N,,
氣吁吁,4,N,,
氣乎乎,4,N,,
氣不過,4,N,,
氣,4,N,,
殷憂,2,N,,
殷殷,1,N,,
殷切,1,P,,
栩栩如生,,P,,
書呆子,4,N,,
時髦,,P,,
效率,,0,,
捐贈,,P,,
挽,,0,,
振奮,,P,,
挫敗,2,N,,
挫折,2,N,,
悚,3,N,,
悔過自新,2,P,,
悔過,2,N,,
悔罪,2,N,,
悔意,2,N,,
悔悟,2,N,,
悔恨,"2,4",N,,
悔改,2,N,,
悔之晚矣,2,N,,
悔之,2,N,,
悔不當初,2,N,,
悔,2,N,,
悒悒,2,N,,
悅,1,P,,
悄然,,0,,
息怒,,P,,
恭維,1,P,,
恩惠,1,P,,
恩典,1,P,,
恥,4,N,,
恐懼,3,N,,
恐嚇,3,N,,
恐慌,3,N,,
恐怖,3,N,,
徒勞無功,,N,,
弱點,,N,,
弱,,N,,
差強人意,,N,,
差勁,4,N,,
差,,N,,
容忍,,N,,
容光煥發,1,P,,
害臊,2,N,,
害羞,2,N,,
害怕,3,N,,
娛樂,1,P,,
奚落,4,N,,
埋怨,4,N,,
埋三怨四,4,N,,
唐突,,N,,
唏噓,,N,,
唉聲歎氣,2,N,,
哽咽,2,N,,
哮喘,,N,,
哭鬧,2,N,,
哭鼻子,2,N,,
哭訴,2,N,,
哭喪著臉,2,N,,
哭喪,2,N,,
哭喊,2,N,,
哭笑不得,,C,,
哭哭啼啼,2,N,,
哭泣,2,N,,
哭杯,4,N,,
哭叫,2,N,,
哭天哭地,2,N,,
哭天抹淚,2,N,,
哭么,4,N,,
哭,2,N,,
原諒,,P,,
剝奪,,N,,
凌亂,,N,,
值錢,,P,,
值得,,P,,
倦,2,N,,
倚重,,P,,
倔強,,N,,
倒霉,,N,,
倒楣,,N,,
倒胃口,4,N,,
倍感,,0,,
倉惶,3,N,,
倉皇,3,N,,
香爐,4,N,,
首創,,P,,
首要,,0,,
食不甘味,,N,,
風聲鶴唳,,N,,
風險,,N,,
風塵僕僕,,0,,
面臨,,N,,
面無血色,2,N,,
面無人色,2,N,,
面帶微笑,1,P,,
面紅耳赤,4,N,,
面如土色,2,N,,
面不改色,,P,,
降級,,N,,
陌生,,N,,
重擔,,N,,
重視,,P,,
重大,,N,,
重,,0,,
迫害,,N,,
迫於,,N,,
迫切,,0,,
迫不得已,,N,,
迫不及待,1,P,,
負擔,,N,,
負債,,N,,
負氣,4,N,,
負疚,2,N,,
負心,4,N,,
要緊,,0,,
要,,0,,
虐待,4,N,,
英雄,1,P,,
英勇,1,P,,
英俊,1,P,,
苦澀,2,N,,
苦痛,2,N,,
苦惱,3,N,,
苦悶,2,N,,
苦笑,,N,,
苦於,2,N,,
苦,2,N,,
若無其事,,0,,
若有所失,2,N,,
苛求,,N,,
致命,4,N,,
胡扯,4,N,,
背悔,,N,,
背叛,4,N,,
背包袱,,N,,
耶,1,P,,
耍態度,4,N,,
美麗,1,P,,
美德,1,P,,
美滿,1,P,,
美夢,1,P,,
美絲絲,1,P,,
美滋滋,1,P,,
美味,1,P,,
美妙,1,P,,
美好,1,P,,
美人,1,P,,
美,1,P,,
紅臉,1,P,,
紅潮,1,P,,
紅眼,4,N,,
約束,,N,,
紀念,,P,,
祈望,1,P,,
祈求,1,P,,
祈,1,P,,
看輕,4,N,,
看得起,,P,,
看重,,P,,
看中,,P,,
看不慣,4,N,,
看不順眼,4,N,,
看不起,4,N,,
看上,,P,,
看,,0,,
眉歡眼笑,1,P,,
眉開眼笑,1,P,,
眉飛色舞,1,P,,
眉來眼去,1,P,,
眉目傳情,1,P,,
盼望,1,P,,
盼,1,P,,
相思,1,P,,
相信,,P,,
盈眶,,0,,
皈依,,P,,
皈,,0,,
皆大歡喜,1,P,,
畏懼,3,N,,
畏難,3,N,,
畏縮不前,3,N,,
畏縮,3,N,,
畏葸,3,N,,
畏罪,3,N,,
畏首畏尾,3,N,,
畏怯,3,N,,
畏忌,"3,4",N,,
畏,3,N,,
珍藏,1,P,,
珍愛,1,P,,
珍貴,1,P,,
珍視,1,P,,
珍惜,1,P,,
珍奇,1,P,,
狠心,4,N,,
為難,,N,,
為之動容,,P,,
為之一喜,,P,,
炸,4,N,,
炫耀,,P,,
流連,,N,,
流淚,2,N,,
流行,,P,,
活躍,1,P,,
活潑,1,P,,
活力,1,P,,
洩憤,4,N,,
洩氣,4,N,,
洩恨,4,N,,
洩勁,2,N,,
洩私憤,,N,,
津津有味,1,P,,
毒,4,N,,
歪曲,,N,,
柔腸寸斷,2,N,,
柔順,1,P,,
柔軟,1,P,,
柔,1,P,,
是味兒,,P,,
昧心,,N,,
春風滿面,1,P,,
春風得意,1,P,,
挖苦,,N,,
挑釁,4,N,,
挑戰,,N,,
挑剔,4,N,,
指責,4,N,,
指望,,N,,
拼命,,P,,
拷問,,N,,
拷打,,N,,
拯救,,P,,
拮据,,N,,
恰當,1,P,,
恰好,1,P,,
恬靜,1,P,,
恬然,1,P,,
恬不知恥,,N,,
恬,,0,,
恨鐵不成鋼,4,N,,
恨死,4,N,,
恨之入骨,4,N,,
恨不得,4,N,,
恨入骨髓,4,N,,
恨,4,N,,
恍惚,,N,,
怨聲載道,4,N,,
怨憤悵惘,4,N,,
怨恨,4,N,,
怨艾,4,N,,
怨天尤人,4,N,,
怨,4,N,,
急躁,,N,,
急茬,,N,,
急急巴巴,,N,,
急急,,N,,
急待,,N,,
急於求成,1,P,,
急於,1,P,,
急忙,,N,,
急如星火,,N,,
急功近利,,N,,
急火火,,N,,
急切,,0,,
急不可耐,,N,,
急不可待,,N,,
急,,0,,
思戀,1,P,,
思慕,1,P,,
思量,,0,,
思鄉,2,N,,
思念,2,N,,
思,,0,,
怒髮衝冠,4,N,,
怒罵,4,N,,
怒視,4,N,,
怒氣衝天,4,N,,
怒氣沖沖,4,N,,
怒氣沖天,4,N,,
怒氣攻心,4,N,,
怒氣,4,N,,
怒沖沖,4,N,,
怒形於色,4,N,,
怒吼,4,N,,
怒色,4,N,,
怒目橫眉,4,N,,
怒目圓睜,4,N,,
怒目,4,N,,
怒斥,4,N,,
怒火中燒,4,N,,
怒火,4,N,,
怒不可遏,4,N,,
怒不,4,N,,
怒,4,N,,
後顧之憂,2,N,,
後悔莫及,2,N,,
後悔不迭,2,N,,
後悔,2,N,,
後怕,2,N,,
幽默,1,P,,
幽咽,,N,,
帥氣,1,P,,
帥,1,P,,
屏氣,,0,,
屏息,,0,,
屏,,0,,
屎,4,N,,
屌,4,N,,
威嚴,,P,,
威脅,,N,,
威風掃地,,N,,
威信掃地,,N,,
哎呀,,0,,
哈哈大笑,1,P,,
哈哈,1,P,,
哈,1,P,,
哇賽,1,P,,
哇靠,"1,5",0,,
哇,1,P,,
哄騙,,N,,
哄然大笑,1,P,,
哄堂大笑,1,P,,
哄笑,1,P,,
哂笑,1,N,,
哂,1,0,,
品德,,0,,
品行,,0,,
哀歎,2,N,,
哀憐,2,N,,
哀榮,2,N,,
哀慟,2,N,,
哀號,2,N,,
哀愁,2,N,,
哀傷,2,N,,
哀痛,2,N,,
哀淒,2,N,,
哀戚,2,N,,
哀悼,2,N,,
哀矜,2,N,,
哀怨,2,N,,
哀思,2,N,,
哀呼,2,N,,
哀求,2,N,,
哀,2,N,,
咳聲歎氣,2,N,,
咯咯笑,1,P,,
咬牙切齒,4,N,,
叛亂,4,N,,
厚顏無恥,,N,,
厚,,0,,
勉強,,N,,
勇敢,,P,,
勇氣,,P,,
勃然大怒,4,N,,
前仰後合,1,P,,
冠軍,,P,,
冒險,,0,,
冒犯,,N,,
冒火,4,N,,
信譽,,P,,
信賴,,P,,
信實,,P,,
信義,,P,,
信教,,0,,
信服,,P,,
信奉,,0,,
信任,,P,,
信仰,,P,,
信心,,P,,
信不過,,N,,
信,,0,,
保護,,P,,
保證,,P,,
保衛,,P,,
俗辣,4,N,,
俗氣,,N,,
俗,,0,,
俊美,1,P,,
侷促,,N,,
侵襲,,N,,
侵擾,,N,,
侵略,,N,,
侵害,,N,,
侵佔,,N,,
侵犯,,N,,
侮蔑,4,N,,
侮辱,4,N,,
非難,4,N,,
非禮,4,N,,
非人,,N,,
青睞,1,P,,
長歎,2,N,,
長歌當哭,,N,,
長處,,P,,
長吁短歎,2,N,,
花招,,N,,
臥草,4,N,,
肯定,,P,,
肯切,,P,,
肯,,0,,
肏你媽,4,N,,
肏,4,N,,
空虛,2,N,,
空洞,2,N,,
知識,,P,,
知足常樂,1,P,,
知足,1,P,,
知己,1,P,,
直眉瞪眼,4,N,,
直勾勾,,0,,
疚,2,N,,
玩樂,1,P,,
玩笑,1,P,,
玩耍,1,P,,
玩,1,P,,
狗娘養的,4,N,,
狗急跳牆,3,N,,
狗屎,4,N,,
狗屁,4,N,,
狐疑,4,N,,
物傷其類,,N,,
爭論,,N,,
爭風吃醋,4,N,,
爭吵,4,N,,
注重,,P,,
泥塑木雕,5,0,,
泣,2,N,,
波瀾不驚,,P,,
沾沾自喜,1,P,,
治療,,0,,
油煎火燎,3,N,,
沮喪,2,N,,
歧視,4,N,,
欣賞,1,P,,
欣慰,1,P,,
欣羨,1,P,,
欣然,1,P,,
欣喜若狂,1,P,,
欣喜,1,P,,
欣悅,1,P,,
欣欣然,1,P,,
欣欣,1,P,,
欣幸,1,P,,
欣,1,P,,
果斷,,0,,
林祖罵,4,N,,
林娘,4,N,,
林老師,4,N,,
林北,4,N,,
枉然,,N,,
板臉,4,N,,
杯弓蛇影,3,N,,
服從,,P,,
朋友,,P,,
易怒,4,N,,
昏頭,,N,,
昏亂,,N,,
昏沉,,N,,
明智,,P,,
明亮,,P,,
昂奮,,P,,
昂貴,,0,,
放鬆,1,P,,
放縱,,N,,
放肆,,N,,
放棄,2,N,,
放屁,4,N,,
放任,,0,,
放心不下,,N,,
放心,,P,,
拙劣,,N,,
拔辣,4,N,,
拒絕,,N,,
拎鄒罵,4,N,,
拎祖罵,4,N,,
拎祖媽,4,N,,
拎娘,4,N,,
拎杯,4,N,,
拎老濕,4,N,,
拎老師,4,N,,
拎北,4,N,,
拍手稱快,1,P,,
拋棄,4,N,,
拉緊,,0,,
拂袖而去,,N,,
抽噎,2,N,,
抽搭,,N,,
抽泣,2,N,,
抹不開,,N,,
抵制,,N,,
抱頭痛哭,2,N,,
抱歉,2,N,,
抱愧,2,N,,
抱恨終身,2,N,,
抱恨終天,2,N,,
抱恨,2,N,,
抱怨,4,N,,
抱屈,2,N,,
抱委屈,2,N,,
抱不平,4,N,,
抱,,0,,
抨擊,4,N,,
承諾,,0,,
承擔,,0,,
怵,3,N,,
怯場,3,N,,
怯陣,3,N,,
怪誕,,N,,
怪罪,4,N,,
怪異,,N,,
怪胎,4,N,,
怪,,N,,
性騷擾,4,N,,
性情,,0,,
怡然自得,1,P,,
怡然,1,P,,
怡人,1,P,,
怡,1,P,,
怖,3,N,,
怕羞,3,N,,
怕生,3,N,,
怕,3,N,,
怔忪,3,N,,
怔,,0,,
怏怏不樂,2,N,,
怏怏,2,N,,
忿怒,4,N,,
忿忿不平,4,N,,
忿,4,N,,
忽視,2,N,,
忽略,2,N,,
忽忽不樂,2,N,,
忽忽,2,N,,
忠實,,P,,
忠誠,,P,,
忠於,,P,,
忠孝,,P,,
忠心,,P,,
忠,,P,,
忝,4,N,,
幸福,1,P,,
幸運,1,P,,
幸喜,1,P,,
幸甚,1,P,,
幸,1,P,,
居安思危,,C,,
屄,4,N,,
宜人,1,P,,
定神,,0,,
孤掌難鳴,,N,,
孤,,N,,
委靡不振,2,N,,
委靡,2,N,,
委頓,2,N,,
委屈,2,N,,
奉獻,,P,,
奉承,,P,,
奉,,0,,
奈何,,N,,
奈,,0,,
奇異,,N,,
奇特,,0,,
奇怪,,N,,
奇,,0,,
垃圾,4,N,,
垂頭喪氣,2,N,,
垂愛,1,P,,
垂青,1,P,,
坦誠,,P,,
坦然,,P,,
坦率,,P,,
坦白,,P,,
固執,,N,,
咒罵,4,N,,
和藹,1,P,,
和諧,1,P,,
和樂,1,P,,
和睦,1,P,,
和煦,1,P,,
和善,1,P,,
和平,1,P,,
咋舌,5,N,,
咆嘯,4,N,,
命運,,0,,
呼號,,N,,
呼天搶地,,N,,
呸,4,N,,
呵呵,1,P,,
周到,,P,,
受驚,3,N,,
受騙,,N,,
受寵若驚,,P,,
受罪,2,N,,
受傷,2,N,,
受窘,2,N,,
受惠,1,P,,
受害,4,N,,
受虐,4,N,,
受苦,2,N,,
受不了,,N,,
取笑,,N,,
協助,,P,,
卑鄙,4,N,,
卑躬屈膝,,N,,
卑劣,4,N,,
刻薄,4,N,,
刺激,,N,,
刺傷,4,N,,
刺痛,4,N,,
刺眼,4,N,,
刮目相看,,P,,
刮目相待,,P,,
典範,,P,,
其樂融融,1,P,,
其樂無窮,1,P,,
兩難,,N,,
兔死狐悲,,N,,
依戀,1,P,,
依依戀戀,1,P,,
依依不捨,1,P,,
依依,1,P,,
使勁,,0,,
使性子,4,N,,
佳,,P,,
享受,1,P,,
亟盼,1,P,,
亟待解決,,N,,
亟,,0,,
邪惡,4,N,,
辛酸,2,N,,
足夠,,0,,
走運,,P,,
見獵心喜,,P,,
見慣不驚,,0,,
見怪,,N,,
見不得人,,N,,
芒刺在背,,N,,
良,1,P,,
肝腸寸斷,2,N,,
肚爛,4,N,,
肖查某,4,N,,
系念,2,N,,
私生子,4,N,,
狂躁,4,N,,
狂熱,1,P,,
狂暴,4,N,,
狂悲,2,N,,
狂喜,1,P,,
狂笑,1,P,,
狂怒,4,N,,
牢騷,4,N,,
災,4,N,,
沒轍,,N,,
沒譜兒,,N,,
沒臉,,N,,
沒精打采,2,N,,
沒著沒落,,N,,
沒羞,,N,,
沒門兒,,N,,
沒門,,N,,
沒法兒,,N,,
沒法,,N,,
沒奈何,,N,,
沒皮沒臉,,N,,
沉鬱,2,N,,
沉默寡言,2,N,,
沉默,2,N,,
沉醉,1,P,,
沉溺,,N,,
沉著,,P,,
沉痛,2,N,,
沉湎,2,N,,
沉悶,2,N,,
沉迷,1,P,,
沉重,2,N,,
沉住氣,,P,,
沉心靜氣,1,P,,
決定,,0,,
決心,,P,,
求賢若渴,,P,,
求知若渴,,P,,
求之不得,,P,,
束手無策,,N,,
杞人憂天,2,N,,
攻擊,4,N,,
攻勢,4,N,,
改進,,P,,
改善,,P,,
改悔,2,N,,
折磨,4,N,,
抗議,,N,,
抗爭,,N,,
抖,,N,,
投入,,P,,
抑鬱寡歡,2,N,,
抑鬱,2,N,,
抑制,2,N,,
把握,,P,,
扼腕,2,N,,
批評,4,N,,
批判,4,N,,
扶持,,P,,
扭捏,,N,,
扭曲,,N,,
戒,,0,,
忸怩,2,N,,
快樂,1,P,,
快慰,1,P,,
快意,1,P,,
快活,1,P,,
快快樂樂,1,P,,
快,,0,,
忘記,,N,,
忘恩負義,,N,,
志得意滿,1,P,,
志哀,2,N,,
忐忑不安,3,N,,
忐忑,3,N,,
忍俊不禁,1,P,,
忍,,0,,
忌憚,4,N,,
忌恨,4,N,,
忌妒,4,N,,
弄壞,4,N,,
弄痛,4,N,,
庇護,,P,,
希冀,1,P,,
希圖,1,P,,
希望,1,P,,
希罕,4,N,,
希,,0,,
巫婆,4,N,,
岔開,,0,,
屁滾尿流,3,N,,
屁眼,4,N,,
屁孩,4,N,,
屁,4,N,,
宏偉,,P,,
宏大,,P,,
完善,,P,,
完備,,P,,
完美,1,P,,
孝敬,,P,,
孝順,,P,,
孝,,P,,
妨礙,,N,,
妨害,,N,,
妓女,4,N,,
妒賢嫉能,4,N,,
妒嫉,4,N,,
妒忌,4,N,,
妒,4,N,,
壯觀,,P,,
壯麗,,P,,
壯闊,,P,,
坐臥不寧,3,N,,
坐臥不安,3,N,,
坐困,3,N,,
坐立不安,3,N,,
坎坷,,N,,
困憊,,N,,
困頓,,N,,
困惑,5,N,,
困乏,,N,,
困,,N,,
告慰,,P,,
呆若木雞,,0,,
呆,,0,,
吻,1,P,,
吹喇叭,4,N,,
吹毛求疵,,N,,
吸引,1,P,,
含糊,,N,,
含羞,2,N,,
含淚,2,N,,
含笑九泉,2,0,,
含笑,1,P,,
含怒,4,N,,
否認,,0,,
否定,,0,,
吞聲,,N,,
吝嗇,4,N,,
吝惜,,N,,
吝,,N,,
即景生情,2,N,,
利潤,,P,,
利益,,P,,
利己,,P,,
別無良策,,N,,
冷靜,1,P,,
冷酷,4,N,,
冷淡,4,N,,
冷,4,N,,
免費,,P,,
克制,,0,,
你娘卡好,4,N,,
作弊,4,N,,
作嘔,4,N,,
作色,4,N,,
何樂而不為,,P,,
何樂不為,,P,,
何去何從,,N,,
佔便宜,,N,,
低落,2,N,,
低迷,2,N,,
低能兒,4,N,,
低能,4,N,,
低沉,,N,,
低回,,N,,
但願,,P,,
伶俐,,P,,
伴侶,,P,,
行若無事,,P,,
色情,4,N,,
至善,,P,,
至高無上,,P,,
自餒,2,N,,
自暴自棄,2,N,,
自慰,2,N,,
自鳴得意,1,P,,
自豪,,P,,
自慚形穢,2,N,,
自尊,,0,,
自責,2,N,,
自得其樂,1,P,,
自負,,N,,
自相驚擾,,N,,
自怨自艾,2,N,,
自信,,P,,
自咎,2,N,,
自卑,2,N,,
自私,4,N,,
自我陶醉,1,P,,
自我欣賞,1,P,,
自在,1,P,,
自由自在,1,P,,
自由,1,P,,
自甘墮落,,N,,
自大,,N,,
老著臉皮,,N,,
老處女,4,N,,
老羞成怒,4,N,,
老淚縱橫,2,N,,
老淚橫流,2,N,,
老娘,4,N,,
老牛舐犢,1,P,,
老子,4,N,,
米蟲,4,N,,
百感叢生,,C,,
百感交集,,C,,
百般無奈,,N,,
灰溜溜,,N,,
灰心喪氣,2,N,,
灰心,2,N,,
污穢,4,N,,
汗顏,2,N,,
死對頭,4,N,,
死路,4,N,,
死當,4,N,,
死期,4,N,,
死氣沉沉,2,N,,
死氣,,N,,
死沉,2,N,,
死刑,4,N,,
死皮賴臉,,N,,
死心,2,N,,
死不瞑目,,N,,
死不,,N,,
死亡,,N,,
死乞白賴,,N,,
死人,,N,,
死,,N,,
次等,,N,,
次要,,N,,
有錢,1,P,,
有趣,1,P,,
有愧,,N,,
有益,1,P,,
有氣無力,2,N,,
有效,1,P,,
有害,4,N,,
有助,,P,,
有利,1,P,,
有用,1,P,,
有心無力,,N,,
有力,,P,,
曲解,,N,,
收穫,1,P,,
成就,1,P,,
成見,4,N,,
成功,1,P,,
安穩,1,P,,
安靜,,P,,
安慰,,P,,
安寧,1,P,,
安詳,1,P,,
安逸,1,P,,
安然,1,P,,
安安靜靜,,P,,
安全,,P,,
安心,1,P,,
安之若素,,P,,
安不忘危,,P,,
安土重遷,,0,,
安,,0,,
守靜,,0,,
存疑,4,N,,
妄想,,N,,
如饑似渴,1,0,,
如饑如渴,1,0,,
如願以償,1,P,,
如癡如醉,1,P,,
如臨大敵,3,N,,
如獲至寶,1,P,,
如醉如癡,1,P,,
如醉如狂,,P,,
如意,1,P,,
如訴如泣,,N,,
如喪考妣,2,N,,
如泣如訴,,N,,
如沐春風,1,P,,
如沐春雨,1,P,,
如坐針氈,3,N,,
如坐春風,1,P,,
好聽,1,P,,
好整以暇,,P,,
好過,1,P,,
好運,1,P,,
好意思,,P,,
好棒,1,P,,
好處,1,P,,
好笑,1,P,,
好看,1,P,,
好玩,1,P,,
好奇,1,P,,
好受,1,P,,
好,1,P,,
奸笑,,N,,
多躁少靜,,N,,
多餘,,N,,
多疑,4,N,,
多情,1,0,,
多心,4,N,,
夙嫌,4,N,,
回春,1,P,,
回天乏術,2,N,,
向隅,2,N,,
吐氣揚眉,1,P,,
名譽掃地,,N,,
同意,,P,,
同悲,2,N,,
同情,2,N,,
同病相憐,2,N,,
同仇敵愾,4,N,,
合意,1,P,,
合宜,1,P,,
合不攏嘴,1,P,,
吃驚,5,0,,
吃醋,4,N,,
吃後悔藥,2,N,,
吃屎,4,N,,
吃土,4,N,,
危辭聳聽,,N,,
危言聳聽,,N,,
危,,N,,
劣跡昭著,,N,,
劣,,N,,
光輝,1,P,,
光榮,1,P,,
光亮,1,P,,
光火,4,N,,
先睹為快,,0,,
兇,4,N,,
企望,1,P,,
企盼,1,P,,
企足而待,1,P,,
企求,1,P,,
企,,0,,
任性,,N,,
仰觀,,0,,
仰慕,1,P,,
仰望,,P,,
仰天長歎,,N,,
仰天大笑,1,P,,
交戰,,N,,
交惡,4,N,,
交往,,0,,
丟醜,2,N,,
丟臉,2,N,,
丟棄,,N,,
丟面子,2,N,,
丟下,,N,,
丟人現眼,2,N,,
丟人,2,N,,
矛盾,,N,,
目瞪口呆,5,0,,
皮笑肉不笑,,N,,
白癡,4,N,,
白痴,4,N,,
白目,4,N,,
甲賽,4,N,,
用力,,0,,
生疑,4,N,,
生厭,4,N,,
生疏,2,N,,
生悶氣,4,N,,
生動,1,P,,
生病,2,N,,
生氣勃勃,1,P,,
生氣,4,N,,
生恐,3,N,,
生怕,3,N,,
生命力,1,P,,
甘願,1,P,,
甘當,1,P,,
甘於,1,P,,
甘心情願,1,P,,
甘心,1,P,,
犯賤,4,N,,
犯嘀咕,4,N,,
犯愁,2,N,,
民怨沸騰,4,N,,
正面,1,P,,
正中下懷,1,N,,
正,,0,,
末日,,N,,
未知,,0,,
打攪,,N,,
打斷,,N,,
打擾,,N,,
打擊,,N,,
打鼓,,0,,
打結,,N,,
打敗,,N,,
打情罵俏,1,P,,
打破,,0,,
打倒,,0,,
打架,4,N,,
打岔,,N,,
打仗,4,N,,
打,,0,,
平穩,1,P,,
平靜,1,P,,
平淡,1,P,,
平庸,1,0,,
平和,1,P,,
平安,1,P,,
平心靜氣,1,P,,
左右為難,,N,,
左支右絀,,N,,
奴顏婢膝,4,N,,
奴才,4,N,,
失魂落魄,2,N,,
失誤,,N,,
失落,2,N,,
失意,2,N,,
失望,2,N,,
失敗,2,N,,
失控,2,N,,
失笑,1,P,,
失眠,2,N,,
失色,2,N,,
失去,2,N,,
外傷,2,N,,
外行,,0,,
外向,1,P,,
可驚,5,0,,
可靠,1,P,,
可歎,2,N,,
可憐,2,N,,
可憎,4,N,,
可鄙,4,N,,
可愛,1,P,,
可意,1,P,,
可賀,1,P,,
可惡,4,N,,
可悲,2,N,,
可喜,1,P,,
可望而不可及,,N,,
可望,1,P,,
可惜,2,N,,
可笑,,N,,
可氣,4,N,,
可恥,4,N,,
可恨,4,N,,
可怕,3,N,,
可心,1,P,,
可口,1,P,,
叫苦連天,2,N,,
叫苦不迭,2,N,,
只怕,3,N,,
只求,,N,,
叨念,,N,,
另眼看待,,0,,
另眼相看,,0,,
古怪,,N,,
去死,4,N,,
半信半疑,4,N,,
北爛,4,N,,
北七,4,N,,
匆忙,,0,,
功勞,,N,,
出神,,P,,
出氣,4,N,,
出色,1,P,,
出乎意料,5,0,,
充沛,,P,,
以淚洗面,2,N,,
以為,,0,,
令人擔憂,2,N,,
令人髮指,4,N,,
令人滿意,2,P,,
令人鼓舞,1,P,,
令人羨慕,1,P,,
令人感動,1,P,,
令人堪憂,2,N,,
令人生畏,3,N,,
令人心悸,3,N,,
令人不安,3,N,,
付出,,P,,
付之一笑,1,P,,
他媽的,4,N,,
他馬的,4,N,,
他奶奶的,4,N,,
仔細,,P,,
乏味,,N,,
乏力,,N,,
乏,,N,,
世仇,4,N,,
王子病,4,N,,
王八蛋,4,N,,
王八,4,N,,
牛,4,N,,
火燒火燎,,N,,
火熱,,N,,
火冒三丈,4,N,,
火,,N,,
毛骨悚然,3,N,,
毛,,N,,
欠債,4,N,,
木雕泥塑,5,0,,
木然,5,0,,
方寸已亂,,N,,
文人相輕,4,N,,
支撐,,0,,
支配,,0,,
支持,,P,,
手舞足蹈,1,P,,
手殘,4,N,,
手足無措,3,N,,
手忙腳亂,3,N,,
心驚膽顫,3,N,,
心驚膽戰,3,N,,
心驚肉跳,3,N,,
心驚,3,N,,
心曠神怡,1,P,,
心膽俱裂,3,N,,
心靜,,P,,
心餘力絀,,N,,
心醉,1,P,,
心潮難平,1,P,,
心潮澎湃,1,P,,
心潮起伏,1,P,,
心酸,2,N,,
心滿意足,1,P,,
心碎,2,N,,
心煩意躁,4,N,,
心煩意亂,4,N,,
心煩,4,N,,
心慌意亂,3,N,,
心慌,3,N,,
心愛,1,P,,
心亂如麻,3,N,,
心虛,,N,,
心痛,2,N,,
心焦,3,N,,
心寒,2,N,,
心情,,0,,
心神不寧,3,N,,
心神不定,3,N,,
心神不安,3,N,,
心疼,2,N,,
心急如焚,3,N,,
心急如火,3,N,,
心急火燎,3,N,,
心急,3,N,,
心花怒放,1,P,,
心事重重,2,N,,
心灰意懶,2,N,,
心灰意冷,2,N,,
心有餘悸,3,N,,
心有餘而力不足,,N,,
心安理得,1,P,,
心安,1,P,,
心如死灰,2,N,,
心如刀割,2,N,,
心甘情願,1,P,,
心平氣和,1,P,,
心切,3,N,,
心中無數,5,0,,
心中有鬼,3,N,,
引誘,,N,,
引咎自責,2,N,,
引咎,2,N,,
引人注目,,0,,
幻想,,P,,
巴望,1,P,,
巴不得,1,P,,
巴,,0,,
少安毋躁,4,N,,
夭壽,4,N,,
太息,,N,,
天賦,1,P,,
天資,1,P,,
天堂,1,P,,
天怒人怨,4,N,,
天知道,5,0,,
天才,1,P,,
反駁,4,N,,
反對,4,N,,
反感,4,N,,
反派,4,N,,
反叛,4,N,,
反抗,4,N,,
反目為仇,4,N,,
反目成仇,4,N,,
友愛,1,P,,
友,,0,,
及時,,P,,
厄運,4,N,,
勾引,,N,,
切齒痛恨,4,N,,
切膚之痛,4,N,,
切盼,1,P,,
分擔,,P,,
分憂,,0,,
分裂,,N,,
分散,,N,,
分紅,,P,,
分歧,,N,,
分享,1,P,,
分手,4,N,,
分心,,N,,
凶,4,N,,
六神無主,,N,,
公憤,4,N,,
公車,4,N,,
公主病,4,N,,
內疚,2,N,,
內外交困,,N,,
元兇,,N,,
今是昨非,,N,,
仇敵,4,N,,
仇視,4,N,,
仇殺,4,N,,
仇恨,4,N,,
仇人,4,N,,
仇,4,N,,
仄,,N,,
仁慈,1,P,,
仁義,1,P,,
仁愛,1,P,,
仁術,1,P,,
仁心,1,P,,
五內俱裂,,N,,
中斷,,0,,
中意,1,P,,
不讚一詞,4,N,,
不顧一切,,P,,
不願,4,N,,
不聲不響,,0,,
不齒,4,N,,
不適,,N,,
不盡人意,4,N,,
不滿,4,N,,
不摸頭,5,0,,
不過意,2,N,,
不詳,5,0,,
不解,5,0,,
不當,,N,,
不慌不亂,,P,,
不慌不忙,,P,,
不愧為,,P,,
不愧,,P,,
不順,,N,,
不寒而慄,3,N,,
不堪回首,2,N,,
不符,,N,,
不祥,,N,,
不爽,4,N,,
不清楚,5,0,,
不捨,2,N,,
不得要領,,N,,
不得已,,N,,
不動聲色,,0,,
不做聲,,0,,
不悅,4,N,,
不屑一顧,,N,,
不屑,4,N,,
不容忽視,,0,,
不害羞,,0,,
不哼不哈,,0,,
不准,,N,,
不貞,,N,,
不要臉,4,N,,
不耐煩,4,N,,
不耐,4,N,,
不甚了了,,N,,
不為人知,,0,,
不是味兒,4,N,,
不便,,N,,
不知羞恥,,N,,
不知所終,,N,,
不知所措,3,N,,
不知人間有羞恥事,,N,,
不服,,N,,
不明不白,5,N,,
不拘小節,,0,,
不幸,2,N,,
不宜,,N,,
不定,,N,,
不足,,N,,
不言不語,,N,,
不快,4,N,,
不忍,2,N,,
不利,,N,,
不安,3,N,,
不好過,,N,,
不好意思,2,N,,
不在乎,,N,,
不名譽,,N,,
不共戴天,4,N,,
不亦樂乎,1,P,,
不甘落後,,N,,
不甘心,4,N,,
不甘,4,N,,
不平則鳴,,N,,
不平,4,N,,
不可終日,,N,,
不仁,,N,,
不上不下,,N,,
才智,1,P,,
才能,1,P,,
山窮水盡,,N,,
小覷,4,N,,
小視,,N,,
小偷,4,N,,
小氣鬼,4,N,,
小氣,4,N,,
小看,4,N,,
小心,,0,,
寸土不讓,,N,,
大驚失色,3,N,,
大驚小怪,3,N,,
大題小做,,N,,
大膽,,0,,
大煞風景,4,N,,
大發雷霆,4,N,,
大惑不解,5,0,,
大悲大喜,,C,,
大喜過望,1,P,,
大笑不止,1,P,,
大笑,1,P,,
大呼小叫,,N,,
大旱望雲霓,,0,,
大快人心,1,P,,
大吃一驚,5,0,,
大失所望,2,N,,
大方,,P,,
口吃,,0,,
亡魂喪膽,3,N,,
么壽,4,N,,
下流,4,N,,
下定決心,,N,,
上當,,N,,
上級,,0,,
上氣不接下氣,,N,,
上火,4,N,,
三緘其口,,N,,
三洨,4,N,,
三小,4,N,,
三八,4,N,,
又驚又喜,"1,5",P,,
力盡筋疲,,N,,
力不勝任,,N,,
力不從心,,N,,
八卦,,N,,
入魔,,N,,
入迷,1,P,,
入神,1,P,,
人琴俱亡,,N,,
人渣,4,N,,
人困馬乏,,N,,
人心惶惶,3,N,,
人亡物在,,N,,
了不起,,P,,
九泉瞑目,,0,,
七竅生煙,4,N,,
七上八下,3,N,,
一籌莫展,,N,,
一聲不響,,0,,
一葉障目,5,0,,
一無所知,5,0,,
一無所有,,0,,
一瓶子不滿,,N,,
一笑置之,1,P,,
一氣之下,4,N,,
一怒之下,4,N,,
一往情深,1,P,,
一言不發,,N,,
一見鍾情,1,P,,
一見傾心,1,P,,
一失足成千古恨,2,N,,
一日三秋,2,N,,
閃避不及,3,N,,
感受到震度,3,N,,
乾旱,3,N,,
救治,3,N,,
行凶,3,N,,
不舒服,3,N,,
急診,3,N,,
勇敢求救,3,N,,
勒痕,3,N,,
蓄水量偏低,3,N,,
尚未脫離險境,3,N,,
戴奧辛,3,N,,
幫幫我,3,N,,
救救我,3,N,,
不斷發抖,3,N,,
報警,3,N,,
失火,3,N,,
希望,3,N,,
震驚社會,3,N,,
光毒性,3,N,,
血,3,N,,
埋骨,3,N,,
失速,3,N,,
恐,3,N,,
加強戒備,3,N,,
驚動,3,N,,
病毒陽性,3,N,,
祈禱,3,N,,
猝死,3,N,,
失血過多死亡,3,N,,
血跡斑斑,3,N,,
疫情,3,N,,
傳染,3,N,,
近視,3,N,,
延燒,3,N,,
意識模糊,3,N,,
抱著一絲希望,3,N,,
待援,3,N,,
幫派,3,N,,
禽流感,3,N,,
流血,3,N,,
水位持續下降,3,N,,
處決,3,N,,
救命,3,N,,
背脊一陣涼,3,N,,
勒索,3,N,,
意外,3,N,,
過失致死,3,N,,
不知去向,3,N,,
殺案,3,N,,
火警,3,N,,
分泌物,3,N,,
性命難保,3,N,,
煙霧瀰漫,3,N,,
慢性疾,3,N,,
保持上膛,3,N,,
不得不做,3,N,,
手腳發抖,3,N,,
嚇得渾身發抖,3,N,,
保住,3,N,,
多處挫傷,3,N,,
見狀,3,N,,
激進分子,3,N,,
掌握分寸,3,N,,
拔牙,3,N,,
驚恐,3,N,,
腦膜炎,3,N,,
嘔吐,3,N,,
緊急就醫,3,N,,
受困,3,N,,
攻擊行為,3,N,,
風險,3,N,,
火苗,3,N,,
濺血校園,3,N,,
險象環生,3,N,,
哭鬧聲,3,N,,
快死了,3,N,,
餘悸猶存,3,N,,
流血過多致死,3,N,,
恐怖份子,3,N,,
過世,3,N,,
炸彈客,3,N,,
焦味,3,N,,
困境,3,N,,
病變,3,N,,
罹患,3,N,,
駭客,3,N,,
急壞了,3,N,,
急遽惡化,3,N,,
逃跑,3,N,,
救命聲,3,N,,
節約用水,3,N,,
不可輕忽,3,N,,
滿臉血,3,N,,
盡速就醫,3,N,,
黑道分子,3,N,,
血腥,3,N,,
亂咬,3,N,,
求援,3,N,,
發病,3,N,,
別放棄,3,N,,
流感,3,N,,
立即就醫,3,N,,
眼看,3,N,,
冒出濃濃白煙,3,N,,
一大灘血,3,N,,
被害經過,3,N,,
考慮一下,3,N,,
精神錯亂,3,N,,
濃煙,3,N,,
傷害,3,N,,
流入,3,N,,
謹言慎行,3,N,,
出事,3,N,,
緊張,3,N,,
中鏢,3,N,,
最後通牒,3,N,,
抗旱,3,N,,
綁架,3,N,,
世界毀滅,3,N,,
恐怖襲擊活動,3,N,,
語塞,3,N,,
煩惱,3,N,,
心急如焚,3,N,,
墓仔埔,3,N,,
刀尖,3,N,,
可怖,3,N,,
砸傷,3,N,,
一片混亂,3,N,,
癌症,3,N,,
要小心,3,N,,
末日,3,N,,
身體不適,3,N,,
感到憂心,3,N,,
相當憂心,3,N,,
車禍,3,N,,
腹部痙攣,3,N,,
慘摔,3,N,,
死狀淒慘,3,N,,
被霸凌,3,N,,
逼近,3,N,,
車速快,3,N,,
閉嘴,3,N,,
慌了手腳,3,N,,
無呼吸心跳,3,N,,
尖銳,3,N,,
加強巡視,3,N,,
快閃,3,N,,
求情,3,N,,
淺層地震,3,N,,
連環爆,3,N,,
起火燃燒,3,N,,
致癌,3,N,,
絆了一跤,3,N,,
滿床是血,3,N,,
呼吸窘迫,3,N,,
暴斃,3,N,,
眼中風,3,N,,
單獨留下來,3,N,,
趕忙,3,N,,
移送檢調,3,N,,
發生意外,3,N,,
破產,3,N,,
擔心,3,N,,
引發殺機,3,N,,
限水,3,N,,
核武,3,N,,
損失,3,N,,
大火,3,N,,
後遺症,3,N,,
千萬不要,3,N,,
殺手,3,N,,
墜落,3,N,,
暴力分子,3,N,,
視力模糊,3,N,,
流感併發重症,3,N,,
失血過多,3,N,,
公墓,3,N,,
來勢洶洶,3,N,,
逆向,3,N,,
新增一例死亡,3,N,,
報案,3,N,,
驚醒,3,N,,
疑慮,3,N,,
暴力組織,3,N,,
來路不明,3,N,,
引發各界關注,3,N,,
氣候變遷,3,N,,
造成老花眼,3,N,,
緊急送驗,3,N,,
議論紛紛,3,N,,
人質,3,N,,
靈徘徊,3,N,,
感染,3,N,,
要人命,3,N,,
最危險,3,N,,
兇案,3,N,,
疫情嚴重,3,N,,
獸性大發,3,N,,
懇求,3,N,,
嚇到,3,N,,
眼見,3,N,,
焦躁,3,N,,
野蠻陰影,3,N,,
拜託,3,N,,
要多加留意,3,N,,
斬首,3,N,,
釐清起火原因,3,N,,
水瀉,3,N,,
梅毒,3,N,,
災情,3,N,,
喘不過氣,3,N,,
魔神仔,3,N,,
恐怖組織,3,N,,
叫不醒,3,N,,
火場,3,N,,
錄影存證,3,N,,
陷入,3,N,,
危害,3,N,,
空前危機,3,N,,
怪怪,3,N,,
恐會,3,N,,
避免,3,N,,
淤青,3,N,,
火災,3,N,,
驚嚇,3,N,,
疑,3,N,,
贖金,3,N,,
事態嚴重,3,N,,
染患,3,N,,
放射性,3,N,,
逾期,3,N,,
認屍,3,N,,
撲殺,3,N,,
聽力受損,3,N,,
污染,3,N,,
脫逃,3,N,,
砸,3,N,,
嚇得,3,N,,
腸胃炎,3,N,,
吸家畜血,3,N,,
胸部凹陷,3,N,,
大火吞噬,3,N,,
疫情仍持續,3,N,,
深深希望,3,N,,
黑道,3,N,,
高危險群,3,N,,
痙攣,3,N,,
得罪,3,N,,
白內障,3,N,,
老花,3,N,,
搶救,3,N,,
受害,3,N,,
最熱的一年,3,N,,
下落不明,3,N,,
逃,3,N,,
連環車禍,3,N,,
撞擊,3,N,,
陷阱,3,N,,
致命傷,3,N,,
恐嚇電話,3,N,,
增加罹患,3,N,,
混亂,3,N,,
不見好轉,3,N,,
不慎,3,N,,
軀體全不見,3,N,,
駭進,3,N,,
弄傷,3,N,,
同感不舒服,3,N,,
以免,3,N,,
送醫急救,3,N,,
傷亡,3,N,,
恐怖分子,3,N,,
白蟻,3,N,,
封鎖現場蒐證,3,N,,
啃食,3,N,,
超出負荷,3,N,,
趕緊控制,3,N,,
救,3,N,,
恐怖,3,N,,
恐怕,3,N,,
嚇到發抖,3,N,,
一片空白,3,N,,
迫在眉睫,3,N,,
疫苗變異率,3,N,,
染血,3,N,,
擔憂,3,N,,
燒焦味,3,N,,
讓人相當恐懼,3,N,,
財物損失,3,N,,
感冒,3,N,,
同感不適,3,N,,
血跡,3,N,,
謹慎,3,N,,
濺血,3,N,,
太可怕了,3,N,,
病情反而加重,3,N,,
挾持,3,N,,
失蹤,3,N,,
青光眼,3,N,,
自保,3,N,,
出現紅疹,3,N,,
瞬間消失,3,N,,
性侵通緝犯,3,N,,
肌溶解,3,N,,
痛,3,N,,
免疫力降低,3,N,,
緊急疏散,3,N,,
就診,3,N,,
血液,3,N,,
當場昏倒,3,N,,
好發時期,3,N,,
有感地震,3,N,,
起火原因,3,N,,
吃緊,3,N,,
暴力,3,N,,
被擄,3,N,,
發生衝突,3,N,,
頭痛,3,N,,
發燒,3,N,,
眼周疼痛,3,N,,
核武競賽,3,N,,
有問題,3,N,,
疲勞駕駛,3,N,,
槍殺,3,N,,
恐慌,3,N,,
散落一地,3,N,,
威脅,3,N,,
炸掉,3,N,,
焦急,3,N,,
傳染病,3,N,,
壓力過大,3,N,,
緊急控制,3,N,,
視力衰退,3,N,,
追債,3,N,,
好緊張,3,N,,
水果刀,3,N,,
惡火,3,N,,
嘩然,3,N,,
聽不清楚,3,N,,
黃斑部病變,3,N,,
爆炸,3,N,,
免疫力下降,3,N,,
提神,3,N,,
脹痛,3,N,,
誤食,3,N,,
不易發覺,3,N,,
緊急重建手術,3,N,,
大意不得,3,N,,
不易排出體外,3,N,,
玉石俱焚,3,N,,
入侵人體,3,N,,
胃痛,3,N,,
撞上,3,N,,
衝突,3,N,,
很害怕,3,N,,
怎麼辦,3,N,,
不安,3,N,,
全屍,3,N,,
驚慌,3,N,,
毒性汙染物,3,N,,
倒地,3,N,,
致命外傷,3,N,,
血流不止,3,N,,
輕易駭進,3,N,,
營救,3,N,,
地震,3,N,,
向警方求助,3,N,,
瘋狂,3,N,,
警戒,3,N,,
黃斑部,3,N,,
最危害等級,3,N,,
咳嗽,3,N,,
靈異,3,N,,
侵襲,3,N,,
警訊,3,N,,
自燃,3,N,,
產生病變,3,N,,
腫塊,3,N,,
體液,3,N,,
心虛,3,N,,
體質靈敏,3,N,,
具威脅性,3,N,,
失事,3,N,,
發抖,3,N,,
銳利邊緣,3,N,,
冷血,3,N,,
中風,3,N,,
驗傷,3,N,,
情緒較不穩定,3,N,,
甩棍,3,N,,
緊急,3,N,,
一槍擊斃,3,N,,
嚴重嗆傷,3,N,,
不見人影,3,N,,
缺水,3,N,,
痠麻,3,N,,
腹瀉,3,N,,
ISIS,3,N,,
匆匆離去,3,N,,
呼救,3,N,,
出血,3,N,,
摺疊刀,3,N,,
皮疹,3,N,,
感冒症狀,3,N,,
白色粉末,3,N,,
就怕,3,N,,
氣氛肅殺,3,N,,
竄出火苗,3,N,,
性生活史複雜,3,N,,
逃離現場,3,N,,
症狀,3,N,,
水位直直落,3,N,,
跨國緝捕,3,N,,
來回踱步,3,N,,
嚇壞了,3,N,,
送醫,3,N,,
疫情持續,3,N,,
火燒車,3,N,,
被劃傷,3,N,,
紅疹,3,N,,
急救,3,N,,
炸毀,3,N,,
蓄水量不到,3,N,,
喃喃自語,3,N,,
超車,3,N,,
強烈幻覺,3,N,,
疏散,3,N,,
怕,3,N,,
停止供水,3,N,,
寒流來襲,3,N,,
逃生不及,3,N,,
用眼過久,3,N,,
一片漆黑,3,N,,
發毛,3,N,,
聖戰,3,N,,
下毒,3,N,,
噩運,3,N,,
驗出,3,N,,
震央,3,N,,
砍頭,3,N,,
緊急會議,3,N,,
發生暴力事件,3,N,,
冒出濃煙,3,N,,
肌肉痠痛,3,N,,
加派警力,3,N,,
凶殘,3,N,,
很不滿,4,N,,
畜生,4,N,,
放水,4,N,,
趕走,4,N,,
有夠誇張,4,N,,
嘔,4,N,,
燙手山芋,4,N,,
罵小孩,4,N,,
被,4,N,,
空談,4,N,,
倔強,4,N,,
訓話,4,N,,
透支,4,N,,
穿插三字經,4,N,,
無法自拔,4,N,,
酒店經紀人,4,N,,
侵入,4,N,,
私心自用,4,N,,
不足,4,N,,
錯誤,4,N,,
背離承諾,4,N,,
欺侮,4,N,,
罰站,4,N,,
轉頭就走,4,N,,
早就忘了,4,N,,
怠惰,4,N,,
不當,4,N,,
違反,4,N,,
哭鬧,4,N,,
偷吃,4,N,,
誅鋤異己,4,N,,
民意壓力,4,N,,
理論,4,N,,
下海陪酒,4,N,,
粗暴,4,N,,
酒店公關,4,N,,
很氣,4,N,,
處決,4,N,,
淹入,4,N,,
嫌,4,N,,
亂跑,4,N,,
見死不救,4,N,,
不幹了,4,N,,
毒害,4,N,,
屁孩,4,N,,
發生口角,4,N,,
敗家,4,N,,
嚴重,4,N,,
罵,4,N,,
垃圾,4,N,,
臭味,4,N,,
揭發,4,N,,
警告,4,N,,
指責,4,N,,
下海,4,N,,
小偷,4,N,,
撂下狠話,4,N,,
進出警局,4,N,,
禁止,4,N,,
懷恨在心,4,N,,
床戰,4,N,,
不法,4,N,,
被偷,4,N,,
爭議,4,N,,
肇事逃逸,4,N,,
攻擊,4,N,,
最壞,4,N,,
預算赤字,4,N,,
食安基金,4,N,,
車速過快,4,N,,
報警,4,N,,
負責,4,N,,
喪心病狂,4,N,,
遺憾,4,N,,
刺死,4,N,,
海洛因,4,N,,
很嗆,4,N,,
都沒有用,4,N,,
耍人,4,N,,
要錢,4,N,,
故意不還,4,N,,
菸蒂,4,N,,
拍桌,4,N,,
罰款,4,N,,
反彈,4,N,,
令人無法承受,4,N,,
虐待,4,N,,
封殺,4,N,,
捉姦,4,N,,
打人,4,N,,
囚禁,4,N,,
怒譙,4,N,,
大鬧,4,N,,
起訴,4,N,,
刺殺,4,N,,
暴躁,4,N,,
自相矛盾,4,N,,
洗錢,4,N,,
太扯！,4,N,,
快點放假,4,N,,
強制回收,4,N,,
薪資倒退,4,N,,
逮人,4,N,,
氣呼呼,4,N,,
負氣,4,N,,
窒礙難行,4,N,,
太粗糙,4,N,,
好歹也有,4,N,,
傷害,4,N,,
死刑犯,4,N,,
受不了,4,N,,
糞,4,N,,
沉溺,4,N,,
負荷過重,4,N,,
又傳,4,N,,
越演越烈,4,N,,
譴責,4,N,,
毫無作為,4,N,,
日前被逮,4,N,,
聽不下去,4,N,,
酒店上班,4,N,,
糾正,4,N,,
善妒,4,N,,
過當,4,N,,
難辭其咎,4,N,,
反而更囂張,4,N,,
反對,4,N,,
濫用,4,N,,
沒資格,4,N,,
爭執,4,N,,
幹嘛,4,N,,
對槓,4,N,,
抓人,4,N,,
伊斯蘭國,4,N,,
荒謬,4,N,,
飽受輿論批評,4,N,,
憑什麼,4,N,,
一直沒有,4,N,,
違法,4,N,,
政治壓力介入,4,N,,
絕不寬待,4,N,,
恐嚇,4,N,,
批評,4,N,,
不幫忙,4,N,,
故意,4,N,,
緊皺眉頭,4,N,,
叫囂,4,N,,
反咬,4,N,,
惡質,4,N,,
很嘔,4,N,,
拍桌聲,4,N,,
告狀,4,N,,
怕你,4,N,,
死刑,4,N,,
高額舉債,4,N,,
大怒,4,N,,
平白無故,4,N,,
制度不良,4,N,,
油價止跌回升,4,N,,
興師問罪,4,N,,
怒嗆,4,N,,
爆粗口,4,N,,
搖頭丸,4,N,,
謀殺,4,N,,
疑慮,4,N,,
全都,4,N,,
制度有問題,4,N,,
除惡,4,N,,
三小,4,N,,
公然侮辱,4,N,,
誤導,4,N,,
收賄,4,N,,
不服,4,N,,
暴力分子,4,N,,
嗆辭,4,N,,
囂張,4,N,,
延宕,4,N,,
偷,4,N,,
黑白不分,4,N,,
丟給,4,N,,
引發聯想,4,N,,
損壞屍體罪嫌,4,N,,
語帶威脅,4,N,,
通姦罪,4,N,,
怒,4,N,,
惡整,4,N,,
計較,4,N,,
不滿,4,N,,
亂丟,4,N,,
殺害,4,N,,
撞死,4,N,,
殺掉,4,N,,
施壓,4,N,,
債留子孫,4,N,,
突遭,4,N,,
無法容忍,4,N,,
遭到,4,N,,
提告,4,N,,
被批,4,N,,
判處,4,N,,
不認真思考,4,N,,
出紕漏,4,N,,
你想怎樣,4,N,,
怒喝威嚇,4,N,,
要脅,4,N,,
揮霍,4,N,,
尬車,4,N,,
出氣,4,N,,
漲幅,4,N,,
酒店,4,N,,
裝肖仔,4,N,,
沒有用,4,N,,
為何還要,4,N,,
自顧,4,N,,
予取予求,4,N,,
摔碗,4,N,,
檢討,4,N,,
嚴正要求,4,N,,
大聲咆哮,4,N,,
為什麼,4,N,,
全部下架,4,N,,
花這麼長時間,4,N,,
不合理,4,N,,
護航,4,N,,
朝她臉部擲去,4,N,,
下毒手,4,N,,
刪除,4,N,,
幹，我輸你,4,N,,
不幹,4,N,,
嗆聲,4,N,,
欺騙,4,N,,
正眼不瞄,4,N,,
動粗,4,N,,
忍受,4,N,,
懷疑,4,N,,
踹,4,N,,
違約,4,N,,
不歡而散,4,N,,
共犯,4,N,,
逆子,4,N,,
沒有那回事,4,N,,
討回公道,4,N,,
怒批,4,N,,
人力不夠,4,N,,
啃老族,4,N,,
萌生去意,4,N,,
殺死,4,N,,
充滿怨氣,4,N,,
破局,4,N,,
最為反對,4,N,,
荒誕,4,N,,
反嗆,4,N,,
竟然,4,N,,
遭,4,N,,
黑心,4,N,,
拖延,4,N,,
幹,4,N,,
苦肉計,4,N,,
屢勸不聽,4,N,,
弄得一團亂,4,N,,
啃老,4,N,,
疑,4,N,,
衣衫不整,4,N,,
舉債上限,4,N,,
寧死也要,4,N,,
不准,4,N,,
不應,4,N,,
有本事,4,N,,
斥喝,4,N,,
搞成這樣,4,N,,
阻擋,4,N,,
引起網友撻伐,4,N,,
無預警,4,N,,
不妥,4,N,,
不當行為,4,N,,
詐欺罪,4,N,,
批判,4,N,,
竟,4,N,,
沉迷電玩,4,N,,
無法回答,4,N,,
得罪,4,N,,
從未,4,N,,
逃逸,4,N,,
殺人重罪,4,N,,
不可原諒,4,N,,
裝忙,4,N,,
仗著,4,N,,
欺負人,4,N,,
氣不過,4,N,,
罵人,4,N,,
一氣之下,4,N,,
冤獄,4,N,,
嚴厲,4,N,,
任意大小便,4,N,,
迫害,4,N,,
槓上,4,N,,
沒綁安全帶,4,N,,
引發各界撻伐,4,N,,
保外就醫,4,N,,
追討,4,N,,
生氣,4,N,,
惡劣,4,N,,
搞爛,4,N,,
限制,4,N,,
不夠,4,N,,
嗆,4,N,,
抗議,4,N,,
白蟻,4,N,,
超生氣,4,N,,
一股異味,4,N,,
無能,4,N,,
歧視,4,N,,
置之不理,4,N,,
羞辱,4,N,,
偷運,4,N,,
以正視聽,4,N,,
竟是,4,N,,
不做了,4,N,,
通姦,4,N,,
頭也不回,4,N,,
斥責,4,N,,
猖狂,4,N,,
毒蟲,4,N,,
瀕臨危機,4,N,,
查緝不力,4,N,,
毆打,4,N,,
不見蹤影,4,N,,
不當處置,4,N,,
沒種,4,N,,
貪污,4,N,,
壓力,4,N,,
X你娘,4,N,,
執意,4,N,,
囂張行徑,4,N,,
關說,4,N,,
單打獨鬥,4,N,,
靠北,4,N,,
改善的空間,4,N,,
施暴,4,N,,
為什麼還要,4,N,,
仍,4,N,,
調漲,4,N,,
槓,4,N,,
負債,4,N,,
換掉,4,N,,
被刪除,4,N,,
孬種,4,N,,
打手,4,N,,
毫不領情,4,N,,
太囂張,4,N,,
吸毒,4,N,,
強制安置,4,N,,
很倒楣,4,N,,
不顧,4,N,,
暴力,4,N,,
X你媽,4,N,,
賄賂,4,N,,
不受約制,4,N,,
老子,4,N,,
不願,4,N,,
淹水,4,N,,
沒人幫忙,4,N,,
飆罵,4,N,,
督促,4,N,,
素行不良,4,N,,
爛招,4,N,,
忍不住,4,N,,
態度囂張,4,N,,
買毒,4,N,,
逼退,4,N,,
槍殺,4,N,,
殘酷,4,N,,
短缺,4,N,,
社會分裂,4,N,,
大罵,4,N,,
自滿,4,N,,
紅色布條,4,N,,
非法,4,N,,
竟有,4,N,,
無法無天,4,N,,
訴求,4,N,,
受騙,4,N,,
駁回,4,N,,
搞鬼,4,N,,
疊屍,4,N,,
吵架,4,N,,
千百個不願意,4,N,,
經濟疲弱,4,N,,
過當行為,4,N,,
扭曲,4,N,,
狂吼,4,N,,
衝突,4,N,,
討伐聲浪,4,N,,
債務,4,N,,
犯案,4,N,,
反怪,4,N,,
看不下去,4,N,,
殺人,4,N,,
漏水,4,N,,
看不慣,4,N,,
根本沒在怕,4,N,,
殺了,4,N,,
惡行,4,N,,
喝斥,4,N,,
狡詐,4,N,,
三字經,4,N,,
毒品,4,N,,
牛步,4,N,,
要命,4,N,,
噁心,4,N,,
根本,4,N,,
惡性,4,N,,
反遭,4,N,,
四兩撥千斤,4,N,,
洩恨,4,N,,
酒店經紀,4,N,,
究竟有無,4,N,,
吸食毒品,4,N,,
撻伐,4,N,,
霸凌,4,N,,
潑糞,4,N,,
強烈譴責,4,N,,
避重就輕,4,N,,
軒然大波,4,N,,
精神虐待,4,N,,
有利可圖,4,N,,
忍無可忍,4,N,,
討公道,4,N,,
應下架,4,N,,
憤慨,4,N,,
賺飽飽,4,N,,
負面教材,4,N,,
怪異,4,N,,
輪流開罵,4,N,,
天怒人怨,4,N,,
血壓飆高,4,N,,
明明,4,N,,
痛批,4,N,,
隨地大小便,4,N,,
跳票,4,N,,
不孝,4,N,,
白天睡大覺,4,N,,
瀕臨破表,4,N,,
嚴重落差,4,N,,
聲援,4,N,,
未注意,4,N,,
嚥下這口氣,4,N,,
碰壁,4,N,,
弊案,4,N,,
大聲嚷嚷,4,N,,
斥罵,4,N,,
民怨,4,N,,
火冒三丈,4,N,,
違停,4,N,,
痛訴,4,N,,
氣沖沖,4,N,,
戳破,4,N,,
滋事,4,N,,
不聞不問,4,N,,
撒野,4,N,,
卻始終未,4,N,,
懲處,4,N,,
不客氣的,4,N,,
慢半拍,4,N,,
不甘受辱,4,N,,
裝備不好,4,N,,
誤解,4,N,,
滅頂,4,N,,
抨擊,4,N,,
堅決否認,4,N,,
忽視,4,N,,
痛批沒天理,4,N,,
誘拐,4,N,,
令人髮指,4,N,,
責怪,4,N,,
動怒,4,N,,
還原事實,4,N,,
強行插車,4,N,,
反感,4,N,,
排泄物,4,N,,
惹得,4,N,,
事關,4,N,,
破壞,4,N,,
人力不足,4,N,,
引發各界議論,4,N,,
隔空叫陣,4,N,,
憤而,4,N,,
裝備不夠,4,N,,
情緒躁動,4,N,,
拿錢走人,4,N,,
滋擾,4,N,,
沒有下文,4,N,,
畜牲,4,N,,
小三,4,N,,
不聽話,4,N,,
質問,4,N,,
警告處分,4,N,,
不公不義,4,N,,
不領情,4,N,,
控告,4,N,,
判刑,4,N,,
處處險阻,4,N,,
歹戲拖棚,4,N,,
苛求,4,N,,
財政懸崖,4,N,,
責備,4,N,,
辱罵,4,N,,
莫名其妙,4,N,,
質疑,4,N,,
猖狂攻擊,4,N,,
接觸毒品,4,N,,
挑戰,4,N,,
嫌犯,4,N,,
瘋狂攻擊,4,N,,
不爽,4,N,,
撒滿毒品,4,N,,
不能解決問題,4,N,,
反駁,4,N,,
不良示範,4,N,,
指控,4,N,,
不願意,4,N,,
批,4,N,,
憤怒,4,N,,
明知道,4,N,,
傾家蕩產,2,N,,
心碎,2,N,,
救治,2,N,,
已故,2,N,,
身心俱疲,2,N,,
不是真的,2,N,,
工作狂,2,N,,
被,2,N,,
救救我媽媽,2,N,,
離世,2,N,,
不治,2,N,,
罕見,2,N,,
休耕因應,2,N,,
搖頭嘆息,2,N,,
痛哭,2,N,,
燒傷,2,N,,
心臟病,2,N,,
墮胎,2,N,,
老了,2,N,,
氣絕身亡,2,N,,
溺水身亡,2,N,,
無法證明,2,N,,
困境,2,N,,
可不可以不要,2,N,,
被充公,2,N,,
去世,2,N,,
祈禱,2,N,,
智障,2,N,,
苦無機會,2,N,,
疾病,2,N,,
求診,2,N,,
靈前上香,2,N,,
自殺,2,N,,
就地埋葬,2,N,,
招魂,2,N,,
被欺負,2,N,,
雙手顫抖,2,N,,
副作用,2,N,,
輾轉,2,N,,
賠上,2,N,,
死者,2,N,,
宿疾,2,N,,
悼念,2,N,,
黯然離去,2,N,,
處決,2,N,,
沒下落,2,N,,
相依為命,2,N,,
年邁臥病,2,N,,
昔日,2,N,,
難以挽救,2,N,,
拔管,2,N,,
火警,2,N,,
重擔,2,N,,
服刑,2,N,,
辛苦,2,N,,
損失,2,N,,
沒關係,2,N,,
維持不久,2,N,,
苦頭,2,N,,
年紀大,2,N,,
枉死,2,N,,
扼腕,2,N,,
多重器官衰竭,2,N,,
退回,2,N,,
死了,2,N,,
負擔,2,N,,
雙下巴,2,N,,
卻見,2,N,,
餓肚子,2,N,,
沒有鼓勵,2,N,,
談何容易,2,N,,
冷板凳,2,N,,
訊全無,2,N,,
一一低頭,2,N,,
崩潰,2,N,,
苦無上場機會,2,N,,
無力回天,2,N,,
遺憾,2,N,,
插管,2,N,,
罹難者,2,N,,
撿拾廚餘,2,N,,
掩埋,2,N,,
生命無價,2,N,,
過世,2,N,,
不清楚,2,N,,
罹患,2,N,,
很傷心,2,N,,
心臟病發,2,N,,
民工荒,2,N,,
度日,2,N,,
無法承受,2,N,,
須動刀,2,N,,
哭訴,2,N,,
沒了,2,N,,
焦屍,2,N,,
動脈血管硬化,2,N,,
呈現昏迷,2,N,,
獨自,2,N,,
懷念,2,N,,
傷害,2,N,,
百般推辭,2,N,,
令人不忍,2,N,,
一場空,2,N,,
掛念,2,N,,
身材走樣,2,N,,
僅能,2,N,,
羞辱,2,N,,
無法如願,2,N,,
病史,2,N,,
喪命,2,N,,
逝世,2,N,,
奪去,2,N,,
心卻碎了,2,N,,
臥病在床,2,N,,
喪葬,2,N,,
不治身亡,2,N,,
印象扣分,2,N,,
宣告不治,2,N,,
髒亂不堪,2,N,,
失敗收場,2,N,,
因病過世,2,N,,
辭職,2,N,,
屍臭味,2,N,,
令人不勝唏噓,2,N,,
原本,2,N,,
只有,2,N,,
無法排解,2,N,,
遺體,2,N,,
黯然,2,N,,
身體不適,2,N,,
命危,2,N,,
犧牲,2,N,,
我們的錯,2,N,,
煩悶,2,N,,
車禍,2,N,,
空前挫敗,2,N,,
殘障,2,N,,
發生不幸,2,N,,
只靠,2,N,,
卻無法,2,N,,
造成,2,N,,
心都碎了,2,N,,
屍體,2,N,,
告別,2,N,,
嘆了口氣,2,N,,
求情,2,N,,
罪,2,N,,
遺物,2,N,,
還沒來得及,2,N,,
雙屍命案,2,N,,
回天乏術,2,N,,
含淚,2,N,,
一路落後,2,N,,
暴斃,2,N,,
脆弱,2,N,,
自首,2,N,,
查明死因,2,N,,
拖垮,2,N,,
發生意外,2,N,,
死訊,2,N,,
擔心,2,N,,
被車撞死,2,N,,
與世隔絕,2,N,,
打零工,2,N,,
悲慘,2,N,,
沒有謀生能力,2,N,,
悲傷,2,N,,
走了,2,N,,
分居,2,N,,
跪,2,N,,
遺言,2,N,,
失調,2,N,,
罹,2,N,,
吞下敗仗,2,N,,
苦戰,2,N,,
硬著頭皮,2,N,,
哽咽,2,N,,
無法工作,2,N,,
情緒崩潰,2,N,,
十分不忍,2,N,,
痛心,2,N,,
還得,2,N,,
心肺功能衰竭,2,N,,
沒有工作,2,N,,
撞死,2,N,,
生命盡頭,2,N,,
散盡家產,2,N,,
墊底,2,N,,
糖尿病,2,N,,
後悔,2,N,,
遭到,2,N,,
蒼老,2,N,,
身障,2,N,,
不忍心,2,N,,
銳減,2,N,,
不太好過,2,N,,
抒發,2,N,,
感染,2,N,,
念及,2,N,,
寒冬,2,N,,
心寒,2,N,,
導致,2,N,,
低收,2,N,,
喪生,2,N,,
無法走出傷痛,2,N,,
垂垂老者,2,N,,
憂鬱纏身,2,N,,
十分悲痛,2,N,,
花費,2,N,,
未老先衰,2,N,,
重傷,2,N,,
無可取代,2,N,,
智能障礙,2,N,,
學生荒,2,N,,
髒亂,2,N,,
拉傷,2,N,,
拜託,2,N,,
好無奈,2,N,,
燒死,2,N,,
斬首,2,N,,
抱歉,2,N,,
自然老化,2,N,,
用盡,2,N,,
往生,2,N,,
可憐,2,N,,
足不出戶,2,N,,
經濟狀況不好,2,N,,
遇害,2,N,,
遺孀,2,N,,
離開,2,N,,
甘願淪為,2,N,,
很可憐,2,N,,
沒有什麼好說,2,N,,
感情受挫,2,N,,
洗腎,2,N,,
受損,2,N,,
無可奈何,2,N,,
靈堂,2,N,,
思念,2,N,,
苦,2,N,,
連敗,2,N,,
失去,2,N,,
遭,2,N,,
已造成,2,N,,
家境不好,2,N,,
卻,2,N,,
丟官,2,N,,
蒙羞,2,N,,
呼籲,2,N,,
所苦,2,N,,
無法阻止,2,N,,
輔導,2,N,,
陳情,2,N,,
面無表情,2,N,,
省吃儉用,2,N,,
一把眼淚,2,N,,
只好,2,N,,
出狀況,2,N,,
癌,2,N,,
病逝,2,N,,
沒工作,2,N,,
結果,2,N,,
精神疾病,2,N,,
很難過,2,N,,
檢討,2,N,,
離婚,2,N,,
屢次失敗,2,N,,
孤單,2,N,,
出現異狀,2,N,,
無法戒毒,2,N,,
令人難堪,2,N,,
喚回,2,N,,
昏迷,2,N,,
沒有結婚,2,N,,
憂鬱症,2,N,,
一度,2,N,,
仍造成,2,N,,
精神異常,2,N,,
入獄,2,N,,
結束,2,N,,
墮落,2,N,,
十分尷尬,2,N,,
無法接受,2,N,,
救災,2,N,,
沒法度,2,N,,
飢餓受凍,2,N,,
分手,2,N,,
賠,2,N,,
不斷啜泣,2,N,,
生活困苦,2,N,,
令人難過,2,N,,
尋求幫助,2,N,,
盲人,2,N,,
不靈活,2,N,,
放棄,2,N,,
住院期間,2,N,,
不是很好,2,N,,
毫無斬獲,2,N,,
子宮頸癌,2,N,,
失效,2,N,,
救助金,2,N,,
慰問,2,N,,
疲憊,2,N,,
毛孔粗大,2,N,,
本,2,N,,
苦吞,2,N,,
享年,2,N,,
一把鼻涕,2,N,,
弔唁,2,N,,
泣不成聲,2,N,,
斷氣,2,N,,
對不起,2,N,,
無業,2,N,,
心痛,2,N,,
生病,2,N,,
送醫不治,2,N,,
受傷,2,N,,
無奈,2,N,,
簡陋,2,N,,
就診,2,N,,
解除職務,2,N,,
工作量大減,2,N,,
檢討改進,2,N,,
看不到,2,N,,
無能為力,2,N,,
難過哭了,2,N,,
不適,2,N,,
最慘的是,2,N,,
槍殺身亡,2,N,,
離家,2,N,,
離去,2,N,,
低收入戶,2,N,,
難過,2,N,,
挽回,2,N,,
失蹤,2,N,,
不幸,2,N,,
沒有出賽機會,2,N,,
遺留,2,N,,
已分居,2,N,,
太複雜,2,N,,
忍氣吞聲,2,N,,
只能,2,N,,
無謀生能力,2,N,,
心痛不已,2,N,,
入不敷出,2,N,,
苦無證據,2,N,,
不堪,2,N,,
終究還是發生,2,N,,
不禁傷心落淚,2,N,,
壓力過大,2,N,,
自盡,2,N,,
花費龐大,2,N,,
泣訴,2,N,,
身亡,2,N,,
坦承罪行,2,N,,
環境很差,2,N,,
窩居,2,N,,
放心不下,2,N,,
未能,2,N,,
求診未果,2,N,,
債務,2,N,,
沒有生育,2,N,,
不幸病逝,2,N,,
死亡,2,N,,
遺書,2,N,,
度過難關,2,N,,
睡不著,2,N,,
敗給,2,N,,
淚崩,2,N,,
鎩羽而歸,2,N,,
殉職,2,N,,
困難,2,N,,
更慘的是,2,N,,
痛苦,2,N,,
親手結束,2,N,,
悲痛,2,N,,
死因,2,N,,
蕭瑟,2,N,,
大義滅親,2,N,,
失明,2,N,,
走投無路,2,N,,
深淵,2,N,,
走樣,2,N,,
殘骸,2,N,,
大喊好衰,2,N,,
像狗,2,N,,
生活困境,2,N,,
獨立扶養,2,N,,
更慘,2,N,,
獨力照顧,2,N,,
不捨,2,N,,
血癌,2,N,,
走了之後,2,N,,
沉重,2,N,,
無法自理,2,N,,
行動不便,2,N,,
太晚,2,N,,
空屋,2,N,,
追思,2,N,,
葬身火窟,2,N,,
道歉,2,N,,
不孕,2,N,,
演變成,2,N,,
掉到谷底,2,N,,
無法承受打擊,2,N,,
救救他的媽媽,2,N,,
無力,2,N,,
最後一根稻草,2,N,,
想不出,2,N,,
腫塊,2,N,,
回不來了,2,N,,
何去何從,2,N,,
偏僻,2,N,,
失了,2,N,,
妻離子散,2,N,,
年邁,2,N,,
發抖,2,N,,
滿臉哀傷,2,N,,
中風,2,N,,
不能沒有你,2,N,,
辭世,2,N,,
自主神經失調,2,N,,
短命,2,N,,
加護病房,2,N,,
哀悼,2,N,,
最大的遺憾,2,N,,
老母親,2,N,,
壓垮駱駝,2,N,,
拖著疲憊的,2,N,,
錯過,2,N,,
雙屍案,2,N,,
負債累累,2,N,,
哀慟,2,N,,
渴望,2,N,,
在天之靈,2,N,,
慘遭偷竊,2,N,,
無人照顧,2,N,,
安慰,2,N,,
身體欠佳,2,N,,
愧疚,2,N,,
憾事,2,N,,
人倫悲劇,2,N,,
但實在,2,N,,
延誤治療,2,N,,
死後,2,N,,
QQ,2,N,,
失望,2,N,,
心疼,2,N,,
只剩,2,N,,
悲痛之餘,2,N,,
想休假,2,N,,
靠,2,N,,
失業,2,N,,
哭,2,N,,
油光滿面,2,N,,
死心,2,N,,
救我媽媽,2,N,,
紅疹,2,N,,
想你,2,N,,
好想抱抱,2,N,,
疾病接踵而至,2,N,,
淪為,2,N,,
自責,2,N,,
致歉,2,N,,
命喪火場,2,N,,
診斷,2,N,,
傷病,2,N,,
致死,2,N,,
打擊,2,N,,
越來越差,2,N,,
出此下策,2,N,,
流露,2,N,,
賠償,2,N,,
倒下,2,N,,
哭求,2,N,,
坐冷板凳,2,N,,
罹難,2,N,,
哭著,2,N,,
無法保持冷靜,2,N,,
怪病纏身,2,N,,
落後,2,N,,
英靈,2,N,,
死,2,N,,
健康亮紅燈,2,N,,
每況愈下,2,N,,
想念,2,N,,
不符資格,2,N,,
最後一餐,2,N,,
父母臥病,2,N,,
照顧生病,2,N,,
槍殺䅁,2,N,,
照護,1,P,,
變苗條,1,P,,
好戲,1,P,,
不差,1,P,,
專程,1,P,,
平安,1,P,,
全壘打王,1,P,,
貢獻,1,P,,
開心,1,P,,
快樂氣氛,1,P,,
沒輒,1,P,,
最好的,1,P,,
希望,1,P,,
資助,1,P,,
通融,1,P,,
送了,1,P,,
祈福,1,P,,
平反,1,P,,
逮捕歸案,1,P,,
出國,1,P,,
全部的希望,1,P,,
冠軍寶座,1,P,,
非常孝順,1,P,,
禁得起考驗,1,P,,
幸福的味道,1,P,,
很幸福,1,P,,
杜絕暴力,1,P,,
孝子,1,P,,
傑出,1,P,,
慾火,1,P,,
享受,1,P,,
太幸福,1,P,,
表示滿意,1,P,,
更好的,1,P,,
經濟優渥,1,P,,
義舉,1,P,,
所幸,1,P,,
永遠留存,1,P,,
不錯,1,P,,
好交情,1,P,,
抓到,1,P,,
保障,1,P,,
很高興,1,P,,
做義工,1,P,,
處事圓融,1,P,,
媽媽煮的菜,1,P,,
很幸運,1,P,,
滿心期待,1,P,,
大力稱讚,1,P,,
好天氣,1,P,,
驚艷,1,P,,
滿心,1,P,,
灑花,1,P,,
送,1,P,,
保佑,1,P,,
相信,1,P,,
恢復,1,P,,
指教,1,P,,
串門子,1,P,,
上教會,1,P,,
懷有身孕,1,P,,
拆禮物,1,P,,
撒花,1,P,,
受歡迎,1,P,,
祝壽,1,P,,
告慰,1,P,,
安置,1,P,,
MVP,1,P,,
握手言和,1,P,,
仁慈,1,P,,
負責,1,P,,
生日快樂,1,P,,
名人堂,1,P,,
跑百米,1,P,,
沒人傷亡,1,P,,
討人喜歡,1,P,,
盜壘王,1,P,,
進步,1,P,,
自由勳章,1,P,,
姊弟戀,1,P,,
自然醒,1,P,,
雋刻,1,P,,
沾沾喜氣,1,P,,
團聚過年,1,P,,
深懷感激,1,P,,
笑著,1,P,,
結婚,1,P,,
搶購熱潮,1,P,,
清白,1,P,,
為民除害,1,P,,
世界超酷,1,P,,
正義,1,P,,
魔鬼身材,1,P,,
美滿,1,P,,
病癒後,1,P,,
知足,1,P,,
奉獻,1,P,,
歡笑,1,P,,
良好,1,P,,
好開心,1,P,,
破涕為笑,1,P,,
一覽無遺,1,P,,
改變的力量,1,P,,
願意,1,P,,
不同種族,1,P,,
復育,1,P,,
逃過一劫,1,P,,
生下,1,P,,
相當感謝,1,P,,
多運動,1,P,,
極其驚人,1,P,,
值得,1,P,,
感人,1,P,,
成功的秘訣,1,P,,
正面幫助,1,P,,
草花綻放,1,P,,
賣力演出,1,P,,
不藥而癒,1,P,,
魄力,1,P,,
英勇,1,P,,
百分之百支持,1,P,,
幫忙,1,P,,
衷心感謝,1,P,,
心頭肉,1,P,,
蓬勃發展,1,P,,
工作認真,1,P,,
狂推,1,P,,
加油打氣,1,P,,
打從心底,1,P,,
靠著,1,P,,
認同,1,P,,
大幅領先,1,P,,
長大,1,P,,
很感動,1,P,,
有驚無險,1,P,,
有機會,1,P,,
幫忙照料,1,P,,
解決,1,P,,
打破沉默,1,P,,
穿得美美的,1,P,,
脫穎而出,1,P,,
責任感,1,P,,
獲,1,P,,
順利,1,P,,
太爽,1,P,,
好想,1,P,,
稱讚,1,P,,
絡繹不絕,1,P,,
祝,1,P,,
鬆了一口氣,1,P,,
熱吻,1,P,,
溫馨,1,P,,
盼望,1,P,,
全壘打,1,P,,
新人王,1,P,,
照顧,1,P,,
可愛,1,P,,
打氣,1,P,,
非常照顧,1,P,,
邪不勝正,1,P,,
和樂融融,1,P,,
公平,1,P,,
甜蜜,1,P,,
雄才大略,1,P,,
選進,1,P,,
大愛的精神,1,P,,
感念,1,P,,
好奇,1,P,,
奪下冠軍,1,P,,
打屁,1,P,,
壯年,1,P,,
好好照顧,1,P,,
栽培,1,P,,
外型姣好,1,P,,
爆紅,1,P,,
親自,1,P,,
十分滿意,1,P,,
表現優異,1,P,,
想去,1,P,,
狂撈奶粉錢,1,P,,
送給,1,P,,
沉浸,1,P,,
不費一槍一彈,1,P,,
獎金,1,P,,
孝順,1,P,,
增購,1,P,,
紛紛表示,1,P,,
嘗試,1,P,,
畢業旅行,1,P,,
宛如至寶,1,P,,
避免,1,P,,
新年快樂,1,P,,
幸好,1,P,,
最愛,1,P,,
同意,1,P,,
調降,1,P,,
快意十足,1,P,,
風範,1,P,,
很棒,1,P,,
笑翻眾人,1,P,,
卿卿我我,1,P,,
喜獲麟兒,1,P,,
熱情歡迎,1,P,,
狂喜,1,P,,
健康,1,P,,
如願,1,P,,
期盼,1,P,,
很想,1,P,,
人氣王,1,P,,
年輕生命,1,P,,
開心不已,1,P,,
經典,1,P,,
動容,1,P,,
找到出路,1,P,,
無生命危險,1,P,,
最熱情,1,P,,
災情幸未擴大,1,P,,
好險,1,P,,
平靜,1,P,,
想買,1,P,,
還活著,1,P,,
維護,1,P,,
相擁而眠,1,P,,
超越,1,P,,
保暖衣物,1,P,,
喜愛,1,P,,
會心一笑,1,P,,
補足,1,P,,
幸福,1,P,,
頻頻致謝,1,P,,
樂於助人,1,P,,
破獲,1,P,,
緝捕到案,1,P,,
感恩,1,P,,
盼,1,P,,
最高分紀錄,1,P,,
改革,1,P,,
擁有,1,P,,
實力堅強,1,P,,
良善,1,P,,
很舒服,1,P,,
尋獲,1,P,,
奇蹟男孩,1,P,,
全力支持,1,P,,
期待,1,P,,
贏得肯定,1,P,,
幸運,1,P,,
保護,1,P,,
睡飽飽,1,P,,
和平相處,1,P,,
回到,1,P,,
答應,1,P,,
無礙,1,P,,
智取,1,P,,
補助,1,P,,
開心不得了,1,P,,
幫忙祈福,1,P,,
賺錢,1,P,,
釋懷,1,P,,
真心,1,P,,
善盡,1,P,,
新衣,1,P,,
懷孕,1,P,,
興奮,1,P,,
生日,1,P,,
大漲,1,P,,
陪伴,1,P,,
滿是風光,1,P,,
最開心,1,P,,
最受歡迎,1,P,,
緊緊抱住,1,P,,
重視,1,P,,
激勵,1,P,,
賺取,1,P,,
予以尊重,1,P,,
家境富裕,1,P,,
努力,1,P,,
勇敢,1,P,,
成就,1,P,,
我愛妳,1,P,,
美夢,1,P,,
生回來,1,P,,
自由,1,P,,
撲滅火勢,1,P,,
熱情,1,P,,
領獎,1,P,,
傳奇,1,P,,
度過難關,1,P,,
無可厚非,1,P,,
志工,1,P,,
化解,1,P,,
誠懇,1,P,,
漂亮,1,P,,
行情看俏,1,P,,
終於來了,1,P,,
成名,1,P,,
協調,1,P,,
獲得,1,P,,
樂觀,1,P,,
感動,1,P,,
尊重,1,P,,
潔身自愛,1,P,,
英雄,1,P,,
協助,1,P,,
最喜歡吃,1,P,,
結婚多年,1,P,,
大義滅親,1,P,,
打擊王,1,P,,
陶醉,1,P,,
確保,1,P,,
新歡,1,P,,
連勝,1,P,,
發威,1,P,,
有趣,1,P,,
一切的付出,1,P,,
允諾,1,P,,
第一名,1,P,,
應道歉,1,P,,
多麼重要,1,P,,
一生致力於,1,P,,
熱烈歡迎,1,P,,
笑開懷,1,P,,
心靈富足,1,P,,
更好,1,P,,
很爽,1,P,,
早日康復,1,P,,
竭盡所能,1,P,,
抱抱他,1,P,,
大玩,1,P,,
喜歡,1,P,,
史上最偉大,1,P,,
智勇雙全,1,P,,
迫不及待,1,P,,
懂得尊重,1,P,,
改寫隊史紀錄,1,P,,
摟摟抱抱,1,P,,
下課,1,P,,
寶貴,1,P,,
大少爺,1,P,,
開春好兆頭,1,P,,
心繫,1,P,,
超級期待,1,P,,
幫,1,P,,
掌聲,1,P,,
打點王,1,P,,
邂逅,1,P,,
雙冠王,1,P,,
散步,1,P,,
驚喜,1,P,,
夠過日子,1,P,,
特地,1,P,,
唱歌,1,P,,
連莊,1,P,,
最誠懇,1,P,,
助,1,P,,
幫助,1,P,,
名氣遠播,1,P,,
謝謝妳,1,P,,
安全,1,P,,
和解,1,P,,
好還要更好,1,P,,
好好看,1,P,,
是你吧,1,P,,
幽默感,1,P,,
紅遍全台,1,P,,
付出,1,P,,
睡醒,1,P,,
現省,1,P,,
要過年了,1,P,,
歡喜,1,P,,
感謝,1,P,,
愛上,1,P,,
慰勉,1,P,,
兌獎,1,P,,
解套,1,P,,
已獲改善,1,P,,
頒發,1,P,,
支持,1,P,,
逮補,1,P,,
肯定,1,P,,
復元迅速,1,P,,
樂在其中,1,P,,
禮物,1,P,,
情人節快樂,1,P,,
好重要,1,P,,
改善,1,P,,
又驚又喜,1,P,,
經濟好轉,1,P,,
高度期待,1,P,,
慶生,1,P,,
不知,5,0,,
更離譜的是,5,N,,
老虎鉗,5,N,,
不斷傳開,5,N,,
驚見,5,0,,
一片茫然,5,N,,
爆料,5,N,,
驚爆,5,N,,
震驚,5,N,,
轟動一時,5,0,,
百思不解,5,N,,
一頭霧水,5,N,,
目瞪口呆地,5,0,,
嚇了一大跳,5,0,,
瞬間,5,0,,
無奇不有,5,0,,
不可思議,5,0,,
誇獎,5,P,,
完全不知情,5,0,,
男扮女裝,5,0,,
曝光,5,N,,
暴斃,5,N,,
驚醒,5,0,,
殊不知,5,0,,
傳出,5,0,,
自已施打,5,0,,
而且連撞兩次,5,0,,
原因不明,5,N,,
倒抽一口氣,5,N,,
是裝有追蹤器,5,N,,
消失,5,N,,
一臉尷尬,5,N,,
不知哪兒來,5,N,,
一百廿萬元,5,0,,
謎團,5,N,,
赫見,5,N,,
發生什麼事,5,N,,
大膽,5,N,,
毫髮無傷,5,P,,
罕見,5,N,,
譁然,5,N,,
驚人,5,P,,
沒想到,5,0,,
我不知道,5,0,,
很突然,5,0,,
不知情,5,0,,
無法置信,5,N,,
毫不知情,5,0,,
孰料,5,0,,
被爆,5,N,,
不知何處來,5,0,,
不翼而飛,5,N,,
瞬息萬變,5,0,,
驚覺,5,N,,
以為開玩笑,5,N,,
移民潮,5,0,,
疑似,5,N,,
傻眼,5,N,,
原以為,5,N,,
離奇,5,N,,
好巧不巧,5,0,,
太突然,5,N,,
引發喧然大波,5,N,,
竟,5,N,,
未料,5,0,,
居然,5,N,,
訝異,5,0,,
本來還好好的,5,N,,
驚訝,5,0,,
發生,5,0,,
嚇傻,5,N,,
吞雲吐霧,5,N,,
奇怪,5,N,,
驚呼,5,0,,
發現,5,0,,
外傳,5,N,,
爆發,5,N,,
神奇,5,0,,
突然,5,N,,
竟然,5,N,,
意外,5,N,,
粉筆手寫,5,0,,
不料,5,0,,
嚴格自我要求,,P,,
下次一定會,,P,,
創新,,P,,
美,,P,,
祝福,,P,,
安靜,,P,,
值得,,P,,
完善,,P,,
更好吃,,P,,
奪得,,P,,
最好的,,P,,
便捷,,P,,
不費,,P,,
曬恩愛,,P,,
黑吃黑,,P,,
清澈,,P,,
提升自我免疫,,P,,
躋身,,P,,
不費一槍一彈,,P,,
首位登上,,P,,
尊重,,P,,
潔身自愛,,P,,
任務已經完成,,P,,
必吃「景點」,,P,,
最佳,,P,,
劃下圓滿句點,,P,,
更快速,,P,,
最有效率,,P,,
情緒已抒發,,P,,
請民眾安心,,P,,
虛心,,P,,
慰勉,,P,,
生命教育,,P,,
更好,,P,,
關鍵角色,,P,,
擠下,,P,,
朝夕相處,,P,,
健康與成功,,P,,
小天使,,P,,
用心,,P,,
所幸,,P,,
輕柔嗓音,,P,,
寶座,,P,,
生態復育,,P,,
並無矛盾,,P,,
放下心中大石,,P,,
罩,,P,,
靈機一動,,P,,
寵物,,P,,
持之以恆,,P,,
做更好的,,P,,
最多勝分,,P,,
非常豐盛,,P,,
場面盛大,,P,,
當紅,,P,,
安全降落,,P,,
更好的人,,P,,
自嘲,,P,,
最有效,,P,,
可望,,P,,
創下,,P,,
挺進,,P,,
可以一直下去,,P,,
修復感情,,P,,
全國新高,,P,,
安心食用,,P,,
傲人,,P,,
偶像,,P,,
多休息,,P,,
變得更好,,P,,
成功運用,,P,,
完全恢復,,P,,
天使,,P,,
美景,,P,,
奇蹟,,P,,
聞風而來,,P,,
邁向,,P,,
撲滅,,P,,
各有特色,,P,,
關心,,P,,
譽為,,P,,
節節攀高,,P,,
苦苦等待,,P,,
合理時間,,P,,
擴大舉行,,P,,
慈悲,,P,,
可靠,,P,,
進步,,P,,
不成問題,,P,,
鼎力相挺,,P,,
控制火勢,,P,,
締造,,P,,
澄清,,P,,
給予祝福,,P,,
振作,,P,,
天然環保,,P,,
拜個,,P,,
不費一兵一卒,,P,,
仍然有效,,P,,
護眼,,P,,
最稱職,,P,,
殊榮,,P,,
激勵,,P,,
登上,,P,,
躍龍門,,P,,
向前行,,P,,
填補,,P,,
超級小子,,P,,
應有盡有,,P,,
益,,P,,
直呼,,P,,
來者不拒,,P,,
增值空間,,P,,
掌聲,,P,,
溫度,,P,,
抗氧化,,P,,
田園城市,,P,,
勇敢,,P,,
美食,,P,,
頻頻道謝,,P,,
不良影響,,N,,
癱瘓,,N,,
滅國,,N,,
掉以輕心,,N,,
以免觸法,,N,,
技術不純熟,,N,,
解剖調查死因,,N,,
不舒服,,N,,
激進份子,,N,,
卻被,,N,,
飽受批評,,N,,
冷嘲熱諷,,N,,
滋事,,N,,
無可厚非,,N,,
不適合,,N,,
最遜地,,N,,
牛頭不對馬嘴,,N,,
混濁,,N,,
被,,N,,
撲殺,,N,,
失衡,,N,,
改善空間,,N,,
感到不適,,N,,
罕見,,N,,
重感冒,,N,,
遭判刑,,N,,
挨罰,,N,,
肆虐,,N,,
黑吃黑,,N,,
過勞,,N,,
被嚇到,,N,,
毒油,,N,,
重創,,N,,
入侵,,N,,
空氣品質很糟,,N,,
滲透,,N,,
隔離,,N,,
停職,,N,,
黑道,,N,,
情緒不穩,,N,,
深淵,,N,,
引誘,,N,,
涉案,,N,,
少子化,,N,,
異常,,N,,
過動,,N,,
披露,,N,,
伊斯蘭國,,N,,
盲區,,N,,
撕裂,,N,,
流氓城,,N,,
引發,,N,,
擱淺,,N,,
偷渡,,N,,
幕後操縱,,N,,
3P,,N,,
杯水車薪,,N,,
檢舉,,N,,
明目張膽,,N,,
被控,,N,,
空氣品質糟糕,,N,,
感嘆,,N,,
打鴨子上架,,N,,
咬定,,N,,
玉石俱焚,,N,,
引人注目,,N,,
脆弱,,N,,
過量,,N,,
戲碼,,N,,
查明死因,,N,,
移送法辦,,N,,
過於頻繁,,N,,
一場誤會,,N,,
面板故障,,N,,
竄出,,N,,
低點,,N,,
抹煞,,N,,
興趣缺缺,,N,,
根本是,,N,,
沒有能力,,N,,
牽涉,,N,,
受損,,N,,
太瞥扭,,N,,
夜店,,N,,
放任,,N,,
限水,,N,,
無言,,N,,
逼使,,N,,
背地指使,,N,,
官威,,N,,
人口老化,,N,,
指使,,N,,
截聽,,N,,
損失,,N,,
重男輕女,,N,,
已經造成,,N,,
障礙,,N,,
傷人,,N,,
裝作若無其事,,N,,
煽動,,N,,
身心障礙人士,,N,,
凌亂,,N,,
肇事,,N,,
老花眼,,N,,
歧視,,N,,
轟趴,,N,,
不實謠言,,N,,
高齡化,,N,,
追查,,N,,
下手,,N,,
有問題,,N,,
親子疏離,,N,,
說來說去,,N,,
警告,,N,,
傷勢嚴重,,N,,
狠角色,,N,,
輕忽,,N,,
表現不穩定,,N,,
好勝心強,,N,,
較為不便,,N,,
不是很好,,N,,
老化,,N,,
強迫,,N,,
誤解,,N,,
重挫,,N,,
異想天開,,N,,
曲線救國,,N,,
不睦,,N,,
直擊,,N,,
品質不佳,,N,,
一票難求,,N,,
熬夜,,N,,
成效不彰,,N,,
關閉,,N,,
實在太多了,,N,,
生活不便,,N,,
不停擴散,,N,,
一時好奇,,N,,
不法,,N,,
僵硬,,N,,
遭到,,N,,
許多衝突,,N,,
耗費,,N,,
出門請戴口罩,,N,,
流下兩行眼淚,,N,,
人力不足,,N,,
遭遇,,N,,
澄清,,N,,
議論紛紛,,N,,
不注意,,N,,
貿然,,N,,
淪陷,,N,,
天兵,,N,,
不專心,,N,,
偷拍屍體,,N,,
極端思想,,N,,
傷腦筋,,N,,
心生疑慮,,N,,
紛爭不斷,,N,,
收賄,,N,,
不實言論,,N,,
導致,,N,,
時有所聞,,N,,
咬牙,,N,,
耗盡家產,,N,,
謠言,,N,,
好好想一想,,N,,
調閱監視器,,N,,
加劇,,N,,
遇上這種事,,N,,
顛簸,,N,,
照本宣科,,N,,
惡意,,N,,
傷害很大,,N,,
伺機,,N,,
變了調,,N,,
決策錯誤,,N,,
太扯了,,N,,
末日鐘,,N,,
凶猛,,N,,
為時已晚,,N,,
逾期未繳金,,N,,
吃緊,,N,,
連累,,N,,
揶揄地,,N,,
不打算,,N,,
引起,,N,,
不該,,N,,
停供,,N,,
遭殃,,N,,
百發百不中,,N,,
藥品短少,,N,,
有樣學樣,,N,,
顯顯威風,,N,,
狗大便,,N,,
死在,,N,,
潛藏,,N,,
不幸,,N,,
備受爭議,,N,,
竊聽,,N,,
用眼過度,,N,,
彈性疲乏,,N,,
晾在一旁,,N,,
業務侵占,,N,,
騙過,,N,,
洋洋得意,,N,,
辭職,,N,,
流失,,N,,
懷疑,,N,,
有點豬,,N,,
案情未明朗,,N,,
衍生,,N,,
賠償,,N,,
崩跌,,N,,
本來就不好,,N,,
陷入,,N,,
威脅,,N,,
拒絕,,N,,
傻傻,,N,,
一度誤以為,,N,,
尷尬,,N,,
勞力缺口,,N,,
隨便,,N,,
深夜外出,,N,,
最嚴重,,N,,
討好,,N,,
勸,,N,,
價值觀歧異大,,N,,
誇大,,N,,
一翻兩瞪眼,,N,,
逼著,,N,,
防腐劑,,N,,
報銷,,N,,
假掰,,N,,
遭,,N,,
誤會,,N,,
波及,,N,,
打擊士氣,,N,,
否定同性戀,,N,,
釘子戶,,N,,
扭曲,,N,,
非法勞工,,N,,
要徹底做好,,N,,
天氣冷,,N,,
嚴竣,,N,,
一巴掌,4,N,,
一文不值,2,N,,
一敗塗地,2,N,,
一意孤行,2,N,,
一盤散沙,4,N,,
二等,2,N,,
下垂,2,N,,
下跌,2,N,,
下獄,2,N,,
口水戰,4,N,,
口齒不清,2,N,,
士氣低落,2,N,,
大屠殺,2,N,,
大罵,4,N,,
小人,4,N,,
小子,4,N,,
小氣,4,N,,
小題大作,5,N,,
干擾,4,N,,
不人道,2,N,,
不公,4,N,,
不公平,4,N,,
不公正,4,N,,
不切實際,4,N,,
不友善,4,N,,
不文雅,4,N,,
不可原諒,4,N,,
不可挽回,2,N,,
不可救藥,4,N,,
不可靠,4,N,,
不平,4,N,,
不平等,4,N,,
不正派,4,N,,
不光彩,4,N,,
不合時宜,2,N,,
不合格,2,N,,
不合理,4,N,,
不名譽,4,N,,
不安,3,N,,
不安全,3,N,,
不成功,2,N,,
不老實,4,N,,
不利,2,N,,
不完善,2,N,,
不快樂,2,N,,
不足,2,N,,
不受支持,2,N,,
不受歡迎,2,N,,
不和,4,N,,
不和諧,4,N,,
不幸,2,N,,
不忠,4,N,,
不明智,2,N,,
不法,4,N,,
不法分子,4,N,,
不知所措,3,N,,
不知感恩,4,N,,
不知禮,4,N,,
不近人情,2,N,,
不耐煩,4,N,,
不要臉,4,N,,
不負責任,4,N,,
不值,2,N,,
不屑,4,N,,
不屑一顧,4,N,,
不恭,4,N,,
不悔改,4,N,,
不得人心,2,N,,
不情願,2,N,,
不祥,2,N,,
不被看好,2,N,,
不尊重,4,N,,
不尊敬,4,N,,
不順從,4,N,,
不慎,2,N,,
不敬,4,N,,
不當,4,N,,
不當行為,4,N,,
不當使用,4,N,,
不誠實,4,N,,
不道德,4,N,,
不像話,4,N,,
不實,4,N,,
不滿,4,N,,
不擇手段,4,N,,
中傷,4,N,,
仇,4,N,,
內心怒火,4,N,,
內疚,2,N,,
分歧,4,N,,
分裂,4,N,,
勾引,1,N,,
厄運,2,N,,
反派,4,N,,
反感,4,N,,
幻滅,2,N,,
弔詭,3,N,,
心不在焉,2,N,,
心煩,4,N,,
心碎,2,N,,
手足無措,3,N,,
支離破碎,2,N,,
歹徒,3,N,,
水性楊花,4,N,,
乏味,2,N,,
乏善可陳,4,N,,
代罪羔羊,2,N,,
令人不安,3,N,,
令人不快,2,N,,
令人反感,4,N,,
令人心碎,2,N,,
令人失望,2,N,,
令人作嘔,4,N,,
令人困惑,5,N,,
令人沮喪,2,N,,
令人討厭,4,N,,
令人側目,4,N,,
令人窒息,3,N,,
令人痛心,2,N,,
令人煩惱,2,N,,
令人震驚,5,N,,
令人髮指,4,N,,
令人擔憂,2,N,,
令人難受,2,N,,
令人驚愕,5,N,,
出糗,2,N,,
可有可無,2,N,,
可怕,3,N,,
可恨,4,N,,
可恥,4,N,,
可笑,4,N,,
可惜,2,N,,
可悲,2,N,,
可惡,4,N,,
可疑,4,N,,
可鄙,4,N,,
可憐,2,N,,
囚犯,4,N,,
四分五裂,2,N,,
四面楚歌,3,N,,
失事,2,N,,
失明,2,N,,
失敗,2,N,,
失望,2,N,,
失策,2,N,,
失業,2,N,,
失算,2,N,,
失誤,2,N,,
失調,2,N,,
失禮,4,N,,
失戀,2,N,,
平庸,2,N,,
幼稚,4,N,,
打擊,2,N,,
打擾,4,N,,
打斷,4,N,,
斥責,4,N,,
末日,3,N,,
氾濫,4,N,,
犯規,4,N,,
犯罪,4,N,,
瓦解,2,N,,
生氣,4,N,,
生病,2,N,,
生厭,4,N,,
白痴,4,N,,
目中無人,4,N,,
目瞪口呆,5,N,,
矛盾,5,N,,
丟人,2,N,,
任性,4,N,,
兇手,4,N,,
全身乏力,2,N,,
劣等,2,N,,
劣勢,2,N,,
危言聳聽,4,N,,
危急,3,N,,
危害,3,N,,
危機,3,N,,
危險,3,N,,
吃驚,5,N,,
多事,4,N,,
多管閒事,4,N,,
多嘴,4,N,,
奸詐,4,N,,
一枝獨秀,1,P,,
一流,1,P,,
一塵不染,1,P,,
了不起,1,P,,
入木三分,1,P,,
久負盛名,1,P,,
大方,1,P,,
大度,1,P,,
大笑,1,P,,
大喜,1,P,,
不平凡,1,P,,
不亦樂乎,1,P,,
不錯,1,P,,
仁,1,P,,
仁慈,1,P,,
公平,1,P,,
公正,1,P,,
升值,1,P,,
升級,1,P,,
友好,1,P,,
友好往來,1,P,,
友善,1,P,,
天才,1,P,,
引人入勝,1,P,,
引人注目,1,P,,
支柱,1,P,,
令人印象深刻,1,P,,
令人欣喜,1,P,,
令人信服,1,P,,
令人振奮,1,P,,
令人高興,1,P,,
令人愉快,1,P,,
令人欽佩,1,P,,
令人羨慕,1,P,,
令人興奮,1,P,,
充滿希望,1,P,,
充滿活力,1,P,,
出色,1,P,,
包治百病,1,P,,
可取,1,P,,
可貴,1,P,,
可愛,1,P,,
可敬,1,P,,
可靠,1,P,,
平和,1,P,,
正當,1,P,,
正義,1,P,,
正確,1,P,,
生動,1,P,,
用心,1,P,,
用心良苦,1,P,,
先見之明,1,P,,
先發制人,1,P,,
先進,1,P,,
光明,1,P,,
光彩,1,P,,
光榮,1,P,,
全神貫注,1,P,,
吉利,1,P,,
吉祥,1,P,,
同情,1,P,,
名正言順,1,P,,
名勝,1,P,,
多才多藝,1,P,,
多元,1,P,,
好,1,P,,
好心人,1,P,,
劣退,4,N,,
劣文,4,N,,
人肉,4,0,,
人肉搜索,4,0,,
高調,4,0,,
ㄏㄏ,1,C,,
頗ㄏ,1,C,,
根本ㄏㄏ,1,C,,
頗呵,1,C,,
根本呵呵,1,C,,
頗喝,1,C,,
科科,1,C,,
懶人包,,P,,
富奸,4,N,,
富奸化,4,N,,
腿,2,N,,
lag,2,N,,
累格,2,N,,
GG,2,N,,
神、神人,1,P,,
中肯,1,P,,
台肯,1,P,,
華肯,1,P,,
打臉,2,N,,
病毒,2,N,,
慢性自殺,2,N,,
發燒度,1,P,,
發燒客,1,P,,
泡麵,1,0,,
芳香療法,1,0,,
新好男人,1,P,,
新好女人,1,P,,
性侵犯,4,N,,
吃到飽,1,P,,
出頭天,1,P,,
